hostIP,DNS,OS,QID,port,results,status
hostIP,DNS,OS,QID,port,results,status
hostIP,DNS,OS,QID,port,results,status
hostIP,DNS,OS,QID,port,results,status
hostIP,DNS,OS,QID,port,results,status
hostIP,DNS,OS,QID,port,results,status
hostIP,DNS,OS,QID,port,results,status
hostIP,DNS,OS,QID,port,results,status
hostIP,DNS,OS,QID,port,results,status
hostIP,DNS,OS,QID,port,results,status
hostIP,DNS,OS,QID,port,results,status
hostIP,DNS,OS,QID,port,results,status
hostIP,DNS,OS,QID,port,results,status
hostIP,DNS,OS,QID,port,results,status
hostIP,DNS,OS,QID,port,results,status
hostIP,DNS,OS,QID,port,results,status
hostIP,DNS,OS,QID,port,results,status
hostIP,DNS,OS,QID,port,results,status
hostIP,DNS,OS,QID,port,results,status
hostIP,DNS,OS,QID,port,results,status
hostIP,DNS,OS,QID,port,results,status
hostIP,DNS,OS,QID,port,results,status
hostIP,DNS,OS,QID,port,results,status
hostIP,DNS,OS,QID,port,results,status
hostIP,DNS,OS,QID,port,results,status
hostIP,DNS,OS,QID,port,results,status
hostIP,DNS,OS,QID,port,results,status
hostIP,DNS,OS,QID,port,results,status
hostIP,DNS,OS,QID,port,results,status
hostIP,DNS,OS,QID,port,results,status
hostIP,DNS,OS,QID,port,results,status
hostIP,DNS,OS,QID,port,results,status
hostIP,DNS,OS,QID,port,results,status
hostIP,DNS,OS,QID,port,results,status
hostIP,DNS,OS,QID,port,results,status
hostIP,DNS,OS,QID,port,results,status
hostIP,DNS,OS,QID,port,results,status
hostIP,DNS,OS,QID,port,results,status
hostIP,DNS,OS,QID,port,results,status
hostIP,DNS,OS,QID,port,results,status
hostIP,DNS,OS,QID,port,results,status
hostIP,DNS,OS,QID,port,results,status
hostIP,DNS,OS,QID,port,results,status
hostIP,DNS,OS,QID,port,results,status
hostIP,DNS,OS,QID,port,results,status
hostIP,DNS,OS,QID,port,results,status
hostIP,DNS,OS,QID,port,results,status
hostIP,DNS,OS,QID,port,results,status
hostIP,DNS,OS,QID,port,results,status
hostIP,DNS,OS,QID,port,results,status
hostIP,DNS,OS,QID,port,results,status
hostIP,DNS,OS,QID,port,results,status
hostIP,DNS,OS,QID,port,results,status
hostIP,DNS,OS,QID,port,results,status
hostIP,DNS,OS,QID,port,results,status
hostIP,DNS,OS,QID,port,results,status
hostIP,DNS,OS,QID,port,results,status
hostIP,DNS,OS,QID,port,results,status
hostIP,DNS,OS,QID,port,results,status
hostIP,DNS,OS,QID,port,results,status
hostIP,DNS,OS,QID,port,results,status
hostIP,DNS,OS,QID,port,results,status
hostIP,DNS,OS,QID,port,results,status
hostIP,DNS,OS,QID,port,results,status
hostIP,DNS,OS,QID,port,results,status
hostIP,DNS,OS,QID,port,results,status
hostIP,DNS,OS,QID,port,results,status
hostIP,DNS,OS,QID,port,results,status
hostIP,DNS,OS,QID,port,results,status
hostIP,DNS,OS,QID,port,results,status
hostIP,DNS,OS,QID,port,results,status
hostIP,DNS,OS,QID,port,results,status
hostIP,DNS,OS,QID,port,results,status
hostIP,DNS,OS,QID,port,results,status
hostIP,DNS,OS,QID,port,results,status
hostIP,DNS,OS,QID,port,results,status
hostIP,DNS,OS,QID,port,results,status
hostIP,DNS,OS,QID,port,results,status
hostIP,DNS,OS,QID,port,results,status
hostIP,DNS,OS,QID,port,results,status
hostIP,DNS,OS,QID,port,results,status
hostIP,DNS,OS,QID,port,results,status
hostIP,DNS,OS,QID,port,results,status
hostIP,DNS,OS,QID,port,results,status
hostIP,DNS,OS,QID,port,results,status
hostIP,DNS,OS,QID,port,results,status
hostIP,DNS,OS,QID,port,results,status
hostIP,DNS,OS,QID,port,results,status
hostIP,DNS,OS,QID,port,results,status
hostIP,DNS,OS,QID,port,results,status
hostIP,DNS,OS,QID,port,results,status
hostIP,DNS,OS,QID,port,results,status
hostIP,DNS,OS,QID,port,results,status
hostIP,DNS,OS,QID,port,results,status
hostIP,DNS,OS,QID,port,results,status
hostIP,DNS,OS,QID,port,results,status
hostIP,DNS,OS,QID,port,results,status
hostIP,DNS,OS,QID,port,results,status
hostIP,DNS,OS,QID,port,results,status
hostIP,DNS,OS,QID,port,results,status
hostIP,DNS,OS,QID,port,results,status
hostIP,DNS,OS,QID,port,results,status
hostIP,DNS,OS,QID,port,results,status
hostIP,DNS,OS,QID,port,results,status
hostIP,DNS,OS,QID,port,results,status
hostIP,DNS,OS,QID,port,results,status
hostIP,DNS,OS,QID,port,results,status
hostIP,DNS,OS,QID,port,results,status
hostIP,DNS,OS,QID,port,results,status
hostIP,DNS,OS,QID,port,results,status
hostIP,DNS,OS,QID,port,results,status
hostIP,DNS,OS,QID,port,results,status
hostIP,DNS,OS,QID,port,results,status
hostIP,DNS,OS,QID,port,results,status
hostIP,DNS,OS,QID,port,results,status
hostIP,DNS,OS,QID,port,results,status
hostIP,DNS,OS,QID,port,results,status
hostIP,DNS,OS,QID,port,results,status
hostIP,DNS,OS,QID,port,results,status
hostIP,DNS,OS,QID,port,results,status
hostIP,DNS,OS,QID,port,results,status
hostIP,DNS,OS,QID,port,results,status
hostIP,DNS,OS,QID,port,results,status
hostIP,DNS,OS,QID,port,results,status
hostIP,DNS,OS,QID,port,results,status
hostIP,DNS,OS,QID,port,results,status
hostIP,DNS,OS,QID,port,results,status
hostIP,DNS,OS,QID,port,results,status
hostIP,DNS,OS,QID,port,results,status
hostIP,DNS,OS,QID,port,results,status
hostIP,DNS,OS,QID,port,results,status
hostIP,DNS,OS,QID,port,results,status
hostIP,DNS,OS,QID,port,results,status
hostIP,DNS,OS,QID,port,results,status
hostIP,DNS,OS,QID,port,results,status
hostIP,DNS,OS,QID,port,results,status
hostIP,DNS,OS,QID,port,results,status
hostIP,DNS,OS,QID,port,results,status
hostIP,DNS,OS,QID,port,results,status
hostIP,DNS,OS,QID,port,results,status
hostIP,DNS,OS,QID,port,results,status
hostIP,DNS,OS,QID,port,results,status
hostIP,DNS,OS,QID,port,results,status
hostIP,DNS,OS,QID,port,results,status
hostIP,DNS,OS,QID,port,results,status
hostIP,DNS,OS,QID,port,results,status
hostIP,DNS,OS,QID,port,results,status
hostIP,DNS,OS,QID,port,results,status
hostIP,DNS,OS,QID,port,results,status
hostIP,DNS,OS,QID,port,results,status
hostIP,DNS,OS,QID,port,results,status
hostIP,DNS,OS,QID,port,results,status
hostIP,DNS,OS,QID,port,results,status
hostIP,DNS,OS,QID,port,results,status
hostIP,DNS,OS,QID,port,results,status
hostIP,DNS,OS,QID,port,results,status
hostIP,DNS,OS,QID,port,results,status
hostIP,DNS,OS,QID,port,results,status
hostIP,DNS,OS,QID,port,results,status
hostIP,DNS,OS,QID,port,results,status
hostIP,DNS,OS,QID,port,results,status
hostIP,DNS,OS,QID,port,results,status
hostIP,DNS,OS,QID,port,results,status
hostIP,DNS,OS,QID,port,results,status
hostIP,DNS,OS,QID,port,results,status
hostIP,DNS,OS,QID,port,results,status
hostIP,DNS,OS,QID,port,results,status
hostIP,DNS,OS,QID,port,results,status
hostIP,DNS,OS,QID,port,results,status
hostIP,DNS,OS,QID,port,results,status
hostIP,DNS,OS,QID,port,results,status
hostIP,DNS,OS,QID,port,results,status
hostIP,DNS,OS,QID,port,results,status
hostIP,DNS,OS,QID,port,results,status
hostIP,DNS,OS,QID,port,results,status
hostIP,DNS,OS,QID,port,results,status
hostIP,DNS,OS,QID,port,results,status
hostIP,DNS,OS,QID,port,results,status
hostIP,DNS,OS,QID,port,results,status
hostIP,DNS,OS,QID,port,results,status
hostIP,DNS,OS,QID,port,results,status
hostIP,DNS,OS,QID,port,results,status
hostIP,DNS,OS,QID,port,results,status
hostIP,DNS,OS,QID,port,results,status
hostIP,DNS,OS,QID,port,results,status
hostIP,DNS,OS,QID,port,results,status
hostIP,DNS,OS,QID,port,results,status
hostIP,DNS,OS,QID,port,results,status
hostIP,DNS,OS,QID,port,results,status
hostIP,DNS,OS,QID,port,results,status
hostIP,DNS,OS,QID,port,results,status
hostIP,DNS,OS,QID,port,results,status
hostIP,DNS,OS,QID,port,results,status
hostIP,DNS,OS,QID,port,results,status
hostIP,DNS,OS,QID,port,results,status
hostIP,DNS,OS,QID,port,results,status
hostIP,DNS,OS,QID,port,results,status
hostIP,DNS,OS,QID,port,results,status
hostIP,DNS,OS,QID,port,results,status
hostIP,DNS,OS,QID,port,results,status
hostIP,DNS,OS,QID,port,results,status
hostIP,DNS,OS,QID,port,results,status
hostIP,DNS,OS,QID,port,results,status
hostIP,DNS,OS,QID,port,results,status
hostIP,DNS,OS,QID,port,results,status
hostIP,DNS,OS,QID,port,results,status
hostIP,DNS,OS,QID,port,results,status
hostIP,DNS,OS,QID,port,results,status
hostIP,DNS,OS,QID,port,results,status
hostIP,DNS,OS,QID,port,results,status
hostIP,DNS,OS,QID,port,results,status
hostIP,DNS,OS,QID,port,results,status
hostIP,DNS,OS,QID,port,results,status
hostIP,DNS,OS,QID,port,results,status
hostIP,DNS,OS,QID,port,results,status
hostIP,DNS,OS,QID,port,results,status
hostIP,DNS,OS,QID,port,results,status
hostIP,DNS,OS,QID,port,results,status
hostIP,DNS,OS,QID,port,results,status
hostIP,DNS,OS,QID,port,results,status
hostIP,DNS,OS,QID,port,results,status
hostIP,DNS,OS,QID,port,results,status
hostIP,DNS,OS,QID,port,results,status
hostIP,DNS,OS,QID,port,results,status
hostIP,DNS,OS,QID,port,results,status
hostIP,DNS,OS,QID,port,results,status
hostIP,DNS,OS,QID,port,results,status
hostIP,DNS,OS,QID,port,results,status
hostIP,DNS,OS,QID,port,results,status
hostIP,DNS,OS,QID,port,results,status
hostIP,DNS,OS,QID,port,results,status
hostIP,DNS,OS,QID,port,results,status
hostIP,DNS,OS,QID,port,results,status
hostIP,DNS,OS,QID,port,results,status
hostIP,DNS,OS,QID,port,results,status
hostIP,DNS,OS,QID,port,results,status
hostIP,DNS,OS,QID,port,results,status
hostIP,DNS,OS,QID,port,results,status
hostIP,DNS,OS,QID,port,results,status
hostIP,DNS,OS,QID,port,results,status
hostIP,DNS,OS,QID,port,results,status
hostIP,DNS,OS,QID,port,results,status
hostIP,DNS,OS,QID,port,results,status
hostIP,DNS,OS,QID,port,results,status
hostIP,DNS,OS,QID,port,results,status
hostIP,DNS,OS,QID,port,results,status
hostIP,DNS,OS,QID,port,results,status
hostIP,DNS,OS,QID,port,results,status
hostIP,DNS,OS,QID,port,results,status
hostIP,DNS,OS,QID,port,results,status
hostIP,DNS,OS,QID,port,results,status
hostIP,DNS,OS,QID,port,results,status
hostIP,DNS,OS,QID,port,results,status
hostIP,DNS,OS,QID,port,results,status
hostIP,DNS,OS,QID,port,results,status
hostIP,DNS,OS,QID,port,results,status
hostIP,DNS,OS,QID,port,results,status
hostIP,DNS,OS,QID,port,results,status
hostIP,DNS,OS,QID,port,results,status
hostIP,DNS,OS,QID,port,results,status
hostIP,DNS,OS,QID,port,results,status
hostIP,DNS,OS,QID,port,results,status
hostIP,DNS,OS,QID,port,results,status
hostIP,DNS,OS,QID,port,results,status
hostIP,DNS,OS,QID,port,results,status
hostIP,DNS,OS,QID,port,results,status
hostIP,DNS,OS,QID,port,results,status
hostIP,DNS,OS,QID,port,results,status
hostIP,DNS,OS,QID,port,results,status
hostIP,DNS,OS,QID,port,results,status
hostIP,DNS,OS,QID,port,results,status
hostIP,DNS,OS,QID,port,results,status
hostIP,DNS,OS,QID,port,results,status
hostIP,DNS,OS,QID,port,results,status
hostIP,DNS,OS,QID,port,results,status
hostIP,DNS,OS,QID,port,results,status
hostIP,DNS,OS,QID,port,results,status
hostIP,DNS,OS,QID,port,results,status
hostIP,DNS,OS,QID,port,results,status
hostIP,DNS,OS,QID,port,results,status
hostIP,DNS,OS,QID,port,results,status
hostIP,DNS,OS,QID,port,results,status
hostIP,DNS,OS,QID,port,results,status
hostIP,DNS,OS,QID,port,results,status
hostIP,DNS,OS,QID,port,results,status
hostIP,DNS,OS,QID,port,results,status
hostIP,DNS,OS,QID,port,results,status
hostIP,DNS,OS,QID,port,results,status
hostIP,DNS,OS,QID,port,results,status
hostIP,DNS,OS,QID,port,results,status
hostIP,DNS,OS,QID,port,results,status
hostIP,DNS,OS,QID,port,results,status
hostIP,DNS,OS,QID,port,results,status
hostIP,DNS,OS,QID,port,results,status
hostIP,DNS,OS,QID,port,results,status
hostIP,DNS,OS,QID,port,results,status
hostIP,DNS,OS,QID,port,results,status
hostIP,DNS,OS,QID,port,results,status
hostIP,DNS,OS,QID,port,results,status
hostIP,DNS,OS,QID,port,results,status
hostIP,DNS,OS,QID,port,results,status
hostIP,DNS,OS,QID,port,results,status
hostIP,DNS,OS,QID,port,results,status
hostIP,DNS,OS,QID,port,results,status
hostIP,DNS,OS,QID,port,results,status
hostIP,DNS,OS,QID,port,results,status
hostIP,DNS,OS,QID,port,results,status
hostIP,DNS,OS,QID,port,results,status
hostIP,DNS,OS,QID,port,results,status
hostIP,DNS,OS,QID,port,results,status
hostIP,DNS,OS,QID,port,results,status
hostIP,DNS,OS,QID,port,results,status
hostIP,DNS,OS,QID,port,results,status
hostIP,DNS,OS,QID,port,results,status
hostIP,DNS,OS,QID,port,results,status
hostIP,DNS,OS,QID,port,results,status
hostIP,DNS,OS,QID,port,results,status
hostIP,DNS,OS,QID,port,results,status
hostIP,DNS,OS,QID,port,results,status
hostIP,DNS,OS,QID,port,results,status
hostIP,DNS,OS,QID,port,results,status
hostIP,DNS,OS,QID,port,results,status
hostIP,DNS,OS,QID,port,results,status
hostIP,DNS,OS,QID,port,results,status
hostIP,DNS,OS,QID,port,results,status
hostIP,DNS,OS,QID,port,results,status
hostIP,DNS,OS,QID,port,results,status
hostIP,DNS,OS,QID,port,results,status
hostIP,DNS,OS,QID,port,results,status
hostIP,DNS,OS,QID,port,results,status
hostIP,DNS,OS,QID,port,results,status
hostIP,DNS,OS,QID,port,results,status
hostIP,DNS,OS,QID,port,results,status
hostIP,DNS,OS,QID,port,results,status
hostIP,DNS,OS,QID,port,results,status
hostIP,DNS,OS,QID,port,results,status
hostIP,DNS,OS,QID,port,results,status
hostIP,DNS,OS,QID,port,results,status
hostIP,DNS,OS,QID,port,results,status
hostIP,DNS,OS,QID,port,results,status
hostIP,DNS,OS,QID,port,results,status
hostIP,DNS,OS,QID,port,results,status
hostIP,DNS,OS,QID,port,results,status
hostIP,DNS,OS,QID,port,results,status
hostIP,DNS,OS,QID,port,results,status
hostIP,DNS,OS,QID,port,results,status
hostIP,DNS,OS,QID,port,results,status
hostIP,DNS,OS,QID,port,results,status
hostIP,DNS,OS,QID,port,results,status
hostIP,DNS,OS,QID,port,results,status
hostIP,DNS,OS,QID,port,results,status
hostIP,DNS,OS,QID,port,results,status
hostIP,DNS,OS,QID,port,results,status
hostIP,DNS,OS,QID,port,results,status
hostIP,DNS,OS,QID,port,results,status
hostIP,DNS,OS,QID,port,results,status
hostIP,DNS,OS,QID,port,results,status
hostIP,DNS,OS,QID,port,results,status
hostIP,DNS,OS,QID,port,results,status
hostIP,DNS,OS,QID,port,results,status
hostIP,DNS,OS,QID,port,results,status
hostIP,DNS,OS,QID,port,results,status
hostIP,DNS,OS,QID,port,results,status
hostIP,DNS,OS,QID,port,results,status
hostIP,DNS,OS,QID,port,results,status
hostIP,DNS,OS,QID,port,results,status
hostIP,DNS,OS,QID,port,results,status
hostIP,DNS,OS,QID,port,results,status
hostIP,DNS,OS,QID,port,results,status
hostIP,DNS,OS,QID,port,results,status
hostIP,DNS,OS,QID,port,results,status
hostIP,DNS,OS,QID,port,results,status
hostIP,DNS,OS,QID,port,results,status
hostIP,DNS,OS,QID,port,results,status
hostIP,DNS,OS,QID,port,results,status
hostIP,DNS,OS,QID,port,results,status
hostIP,DNS,OS,QID,port,results,status
hostIP,DNS,OS,QID,port,results,status
hostIP,DNS,OS,QID,port,results,status
hostIP,DNS,OS,QID,port,results,status
hostIP,DNS,OS,QID,port,results,status
hostIP,DNS,OS,QID,port,results,status
hostIP,DNS,OS,QID,port,results,status
hostIP,DNS,OS,QID,port,results,status
hostIP,DNS,OS,QID,port,results,status
hostIP,DNS,OS,QID,port,results,status
hostIP,DNS,OS,QID,port,results,status
hostIP,DNS,OS,QID,port,results,status
hostIP,DNS,OS,QID,port,results,status
hostIP,DNS,OS,QID,port,results,status
hostIP,DNS,OS,QID,port,results,status
hostIP,DNS,OS,QID,port,results,status
hostIP,DNS,OS,QID,port,results,status
hostIP,DNS,OS,QID,port,results,status
hostIP,DNS,OS,QID,port,results,status
hostIP,DNS,OS,QID,port,results,status
hostIP,DNS,OS,QID,port,results,status
hostIP,DNS,OS,QID,port,results,status
hostIP,DNS,OS,QID,port,results,status
hostIP,DNS,OS,QID,port,results,status
hostIP,DNS,OS,QID,port,results,status
hostIP,DNS,OS,QID,port,results,status
hostIP,DNS,OS,QID,port,results,status
hostIP,DNS,OS,QID,port,results,status
hostIP,DNS,OS,QID,port,results,status
hostIP,DNS,OS,QID,port,results,status
hostIP,DNS,OS,QID,port,results,status
hostIP,DNS,OS,QID,port,results,status
hostIP,DNS,OS,QID,port,results,status
hostIP,DNS,OS,QID,port,results,status
hostIP,DNS,OS,QID,port,results,status
hostIP,DNS,OS,QID,port,results,status
hostIP,DNS,OS,QID,port,results,status
hostIP,DNS,OS,QID,port,results,status
hostIP,DNS,OS,QID,port,results,status
hostIP,DNS,OS,QID,port,results,status
hostIP,DNS,OS,QID,port,results,status
hostIP,DNS,OS,QID,port,results,status
hostIP,DNS,OS,QID,port,results,status
hostIP,DNS,OS,QID,port,results,status
hostIP,DNS,OS,QID,port,results,status
hostIP,DNS,OS,QID,port,results,status
hostIP,DNS,OS,QID,port,results,status
hostIP,DNS,OS,QID,port,results,status
hostIP,DNS,OS,QID,port,results,status
hostIP,DNS,OS,QID,port,results,status
hostIP,DNS,OS,QID,port,results,status
hostIP,DNS,OS,QID,port,results,status
hostIP,DNS,OS,QID,port,results,status
hostIP,DNS,OS,QID,port,results,status
hostIP,DNS,OS,QID,port,results,status
hostIP,DNS,OS,QID,port,results,status
hostIP,DNS,OS,QID,port,results,status
hostIP,DNS,OS,QID,port,results,status
hostIP,DNS,OS,QID,port,results,status
hostIP,DNS,OS,QID,port,results,status
hostIP,DNS,OS,QID,port,results,status
hostIP,DNS,OS,QID,port,results,status
hostIP,DNS,OS,QID,port,results,status
hostIP,DNS,OS,QID,port,results,status
hostIP,DNS,OS,QID,port,results,status
hostIP,DNS,OS,QID,port,results,status
hostIP,DNS,OS,QID,port,results,status
hostIP,DNS,OS,QID,port,results,status
hostIP,DNS,OS,QID,port,results,status
hostIP,DNS,OS,QID,port,results,status
hostIP,DNS,OS,QID,port,results,status
hostIP,DNS,OS,QID,port,results,status
hostIP,DNS,OS,QID,port,results,status
hostIP,DNS,OS,QID,port,results,status
hostIP,DNS,OS,QID,port,results,status
hostIP,DNS,OS,QID,port,results,status
hostIP,DNS,OS,QID,port,results,status
hostIP,DNS,OS,QID,port,results,status
hostIP,DNS,OS,QID,port,results,status
hostIP,DNS,OS,QID,port,results,status
hostIP,DNS,OS,QID,port,results,status
hostIP,DNS,OS,QID,port,results,status
hostIP,DNS,OS,QID,port,results,status
hostIP,DNS,OS,QID,port,results,status
hostIP,DNS,OS,QID,port,results,status
hostIP,DNS,OS,QID,port,results,status
hostIP,DNS,OS,QID,port,results,status
hostIP,DNS,OS,QID,port,results,status
hostIP,DNS,OS,QID,port,results,status
hostIP,DNS,OS,QID,port,results,status
hostIP,DNS,OS,QID,port,results,status
hostIP,DNS,OS,QID,port,results,status
hostIP,DNS,OS,QID,port,results,status
hostIP,DNS,OS,QID,port,results,status
hostIP,DNS,OS,QID,port,results,status
hostIP,DNS,OS,QID,port,results,status
hostIP,DNS,OS,QID,port,results,status
hostIP,DNS,OS,QID,port,results,status
hostIP,DNS,OS,QID,port,results,status
hostIP,DNS,OS,QID,port,results,status
hostIP,DNS,OS,QID,port,results,status
hostIP,DNS,OS,QID,port,results,status
hostIP,DNS,OS,QID,port,results,status
hostIP,DNS,OS,QID,port,results,status
hostIP,DNS,OS,QID,port,results,status
hostIP,DNS,OS,QID,port,results,status
hostIP,DNS,OS,QID,port,results,status
hostIP,DNS,OS,QID,port,results,status
hostIP,DNS,OS,QID,port,results,status
hostIP,DNS,OS,QID,port,results,status
hostIP,DNS,OS,QID,port,results,status
hostIP,DNS,OS,QID,port,results,status
hostIP,DNS,OS,QID,port,results,status
hostIP,DNS,OS,QID,port,results,status
hostIP,DNS,OS,QID,port,results,status
hostIP,DNS,OS,QID,port,results,status
hostIP,DNS,OS,QID,port,results,status
hostIP,DNS,OS,QID,port,results,status
hostIP,DNS,OS,QID,port,results,status
hostIP,DNS,OS,QID,port,results,status
hostIP,DNS,OS,QID,port,results,status
hostIP,DNS,OS,QID,port,results,status
hostIP,DNS,OS,QID,port,results,status
hostIP,DNS,OS,QID,port,results,status
hostIP,DNS,OS,QID,port,results,status
hostIP,DNS,OS,QID,port,results,status
hostIP,DNS,OS,QID,port,results,status
hostIP,DNS,OS,QID,port,results,status
hostIP,DNS,OS,QID,port,results,status
hostIP,DNS,OS,QID,port,results,status
hostIP,DNS,OS,QID,port,results,status
hostIP,DNS,OS,QID,port,results,status
hostIP,DNS,OS,QID,port,results,status
hostIP,DNS,OS,QID,port,results,status
hostIP,DNS,OS,QID,port,results,status
hostIP,DNS,OS,QID,port,results,status
hostIP,DNS,OS,QID,port,results,status
hostIP,DNS,OS,QID,port,results,status
hostIP,DNS,OS,QID,port,results,status
hostIP,DNS,OS,QID,port,results,status
hostIP,DNS,OS,QID,port,results,status
hostIP,DNS,OS,QID,port,results,status
hostIP,DNS,OS,QID,port,results,status
hostIP,DNS,OS,QID,port,results,status
hostIP,DNS,OS,QID,port,results,status
hostIP,DNS,OS,QID,port,results,status
hostIP,DNS,OS,QID,port,results,status
hostIP,DNS,OS,QID,port,results,status
hostIP,DNS,OS,QID,port,results,status
hostIP,DNS,OS,QID,port,results,status
hostIP,DNS,OS,QID,port,results,status
hostIP,DNS,OS,QID,port,results,status
hostIP,DNS,OS,QID,port,results,status
hostIP,DNS,OS,QID,port,results,status
hostIP,DNS,OS,QID,port,results,status
hostIP,DNS,OS,QID,port,results,status
hostIP,DNS,OS,QID,port,results,status
hostIP,DNS,OS,QID,port,results,status
hostIP,DNS,OS,QID,port,results,status
hostIP,DNS,OS,QID,port,results,status
hostIP,DNS,OS,QID,port,results,status
hostIP,DNS,OS,QID,port,results,status
hostIP,DNS,OS,QID,port,results,status
hostIP,DNS,OS,QID,port,results,status
hostIP,DNS,OS,QID,port,results,status
hostIP,DNS,OS,QID,port,results,status
hostIP,DNS,OS,QID,port,results,status
hostIP,DNS,OS,QID,port,results,status
hostIP,DNS,OS,QID,port,results,status
hostIP,DNS,OS,QID,port,results,status
hostIP,DNS,OS,QID,port,results,status
hostIP,DNS,OS,QID,port,results,status
hostIP,DNS,OS,QID,port,results,status
hostIP,DNS,OS,QID,port,results,status
hostIP,DNS,OS,QID,port,results,status
hostIP,DNS,OS,QID,port,results,status
hostIP,DNS,OS,QID,port,results,status
hostIP,DNS,OS,QID,port,results,status
hostIP,DNS,OS,QID,port,results,status
hostIP,DNS,OS,QID,port,results,status
hostIP,DNS,OS,QID,port,results,status
hostIP,DNS,OS,QID,port,results,status
hostIP,DNS,OS,QID,port,results,status
hostIP,DNS,OS,QID,port,results,status
hostIP,DNS,OS,QID,port,results,status
hostIP,DNS,OS,QID,port,results,status
hostIP,DNS,OS,QID,port,results,status
hostIP,DNS,OS,QID,port,results,status
hostIP,DNS,OS,QID,port,results,status
hostIP,DNS,OS,QID,port,results,status
hostIP,DNS,OS,QID,port,results,status
hostIP,DNS,OS,QID,port,results,status
hostIP,DNS,OS,QID,port,results,status
hostIP,DNS,OS,QID,port,results,status
hostIP,DNS,OS,QID,port,results,status
hostIP,DNS,OS,QID,port,results,status
hostIP,DNS,OS,QID,port,results,status
hostIP,DNS,OS,QID,port,results,status
hostIP,DNS,OS,QID,port,results,status
hostIP,DNS,OS,QID,port,results,status
hostIP,DNS,OS,QID,port,results,status
hostIP,DNS,OS,QID,port,results,status
hostIP,DNS,OS,QID,port,results,status
hostIP,DNS,OS,QID,port,results,status
hostIP,DNS,OS,QID,port,results,status
hostIP,DNS,OS,QID,port,results,status
hostIP,DNS,OS,QID,port,results,status
hostIP,DNS,OS,QID,port,results,status
hostIP,DNS,OS,QID,port,results,status
hostIP,DNS,OS,QID,port,results,status
hostIP,DNS,OS,QID,port,results,status
hostIP,DNS,OS,QID,port,results,status
hostIP,DNS,OS,QID,port,results,status
hostIP,DNS,OS,QID,port,results,status
hostIP,DNS,OS,QID,port,results,status
hostIP,DNS,OS,QID,port,results,status
hostIP,DNS,OS,QID,port,results,status
hostIP,DNS,OS,QID,port,results,status
hostIP,DNS,OS,QID,port,results,status
hostIP,DNS,OS,QID,port,results,status
hostIP,DNS,OS,QID,port,results,status
hostIP,DNS,OS,QID,port,results,status
hostIP,DNS,OS,QID,port,results,status
hostIP,DNS,OS,QID,port,results,status
hostIP,DNS,OS,QID,port,results,status
hostIP,DNS,OS,QID,port,results,status
hostIP,DNS,OS,QID,port,results,status
hostIP,DNS,OS,QID,port,results,status
hostIP,DNS,OS,QID,port,results,status
hostIP,DNS,OS,QID,port,results,status
hostIP,DNS,OS,QID,port,results,status
hostIP,DNS,OS,QID,port,results,status
hostIP,DNS,OS,QID,port,results,status
hostIP,DNS,OS,QID,port,results,status
hostIP,DNS,OS,QID,port,results,status
hostIP,DNS,OS,QID,port,results,status
hostIP,DNS,OS,QID,port,results,status
hostIP,DNS,OS,QID,port,results,status
hostIP,DNS,OS,QID,port,results,status
hostIP,DNS,OS,QID,port,results,status
hostIP,DNS,OS,QID,port,results,status
hostIP,DNS,OS,QID,port,results,status
hostIP,DNS,OS,QID,port,results,status
hostIP,DNS,OS,QID,port,results,status
hostIP,DNS,OS,QID,port,results,status
hostIP,DNS,OS,QID,port,results,status
hostIP,DNS,OS,QID,port,results,status
hostIP,DNS,OS,QID,port,results,status
hostIP,DNS,OS,QID,port,results,status
hostIP,DNS,OS,QID,port,results,status
hostIP,DNS,OS,QID,port,results,status
hostIP,DNS,OS,QID,port,results,status
hostIP,DNS,OS,QID,port,results,status
hostIP,DNS,OS,QID,port,results,status
hostIP,DNS,OS,QID,port,results,status
hostIP,DNS,OS,QID,port,results,status
hostIP,DNS,OS,QID,port,results,status
hostIP,DNS,OS,QID,port,results,status
hostIP,DNS,OS,QID,port,results,status
hostIP,DNS,OS,QID,port,results,status
hostIP,DNS,OS,QID,port,results,status
hostIP,DNS,OS,QID,port,results,status
hostIP,DNS,OS,QID,port,results,status
hostIP,DNS,OS,QID,port,results,status
hostIP,DNS,OS,QID,port,results,status
hostIP,DNS,OS,QID,port,results,status
hostIP,DNS,OS,QID,port,results,status
hostIP,DNS,OS,QID,port,results,status
hostIP,DNS,OS,QID,port,results,status
hostIP,DNS,OS,QID,port,results,status
hostIP,DNS,OS,QID,port,results,status
hostIP,DNS,OS,QID,port,results,status
hostIP,DNS,OS,QID,port,results,status
hostIP,DNS,OS,QID,port,results,status
hostIP,DNS,OS,QID,port,results,status
hostIP,DNS,OS,QID,port,results,status
hostIP,DNS,OS,QID,port,results,status
hostIP,DNS,OS,QID,port,results,status
hostIP,DNS,OS,QID,port,results,status
hostIP,DNS,OS,QID,port,results,status
hostIP,DNS,OS,QID,port,results,status
hostIP,DNS,OS,QID,port,results,status
hostIP,DNS,OS,QID,port,results,status
hostIP,DNS,OS,QID,port,results,status
hostIP,DNS,OS,QID,port,results,status
hostIP,DNS,OS,QID,port,results,status
hostIP,DNS,OS,QID,port,results,status
hostIP,DNS,OS,QID,port,results,status
hostIP,DNS,OS,QID,port,results,status
hostIP,DNS,OS,QID,port,results,status
hostIP,DNS,OS,QID,port,results,status
hostIP,DNS,OS,QID,port,results,status
hostIP,DNS,OS,QID,port,results,status
hostIP,DNS,OS,QID,port,results,status
hostIP,DNS,OS,QID,port,results,status
hostIP,DNS,OS,QID,port,results,status
hostIP,DNS,OS,QID,port,results,status
hostIP,DNS,OS,QID,port,results,status
hostIP,DNS,OS,QID,port,results,status
hostIP,DNS,OS,QID,port,results,status
hostIP,DNS,OS,QID,port,results,status
hostIP,DNS,OS,QID,port,results,status
hostIP,DNS,OS,QID,port,results,status
hostIP,DNS,OS,QID,port,results,status
hostIP,DNS,OS,QID,port,results,status
hostIP,DNS,OS,QID,port,results,status
hostIP,DNS,OS,QID,port,results,status
hostIP,DNS,OS,QID,port,results,status
hostIP,DNS,OS,QID,port,results,status
hostIP,DNS,OS,QID,port,results,status
hostIP,DNS,OS,QID,port,results,status
hostIP,DNS,OS,QID,port,results,status
hostIP,DNS,OS,QID,port,results,status
hostIP,DNS,OS,QID,port,results,status
hostIP,DNS,OS,QID,port,results,status
hostIP,DNS,OS,QID,port,results,status
hostIP,DNS,OS,QID,port,results,status
hostIP,DNS,OS,QID,port,results,status
hostIP,DNS,OS,QID,port,results,status
hostIP,DNS,OS,QID,port,results,status
hostIP,DNS,OS,QID,port,results,status
hostIP,DNS,OS,QID,port,results,status
hostIP,DNS,OS,QID,port,results,status
hostIP,DNS,OS,QID,port,results,status
hostIP,DNS,OS,QID,port,results,status
hostIP,DNS,OS,QID,port,results,status
hostIP,DNS,OS,QID,port,results,status
hostIP,DNS,OS,QID,port,results,status
hostIP,DNS,OS,QID,port,results,status
hostIP,DNS,OS,QID,port,results,status
hostIP,DNS,OS,QID,port,results,status
hostIP,DNS,OS,QID,port,results,status
hostIP,DNS,OS,QID,port,results,status
hostIP,DNS,OS,QID,port,results,status
hostIP,DNS,OS,QID,port,results,status
hostIP,DNS,OS,QID,port,results,status
hostIP,DNS,OS,QID,port,results,status
hostIP,DNS,OS,QID,port,results,status
hostIP,DNS,OS,QID,port,results,status
hostIP,DNS,OS,QID,port,results,status
hostIP,DNS,OS,QID,port,results,status
hostIP,DNS,OS,QID,port,results,status
hostIP,DNS,OS,QID,port,results,status
hostIP,DNS,OS,QID,port,results,status
hostIP,DNS,OS,QID,port,results,status
hostIP,DNS,OS,QID,port,results,status
hostIP,DNS,OS,QID,port,results,status
hostIP,DNS,OS,QID,port,results,status
hostIP,DNS,OS,QID,port,results,status
hostIP,DNS,OS,QID,port,results,status
hostIP,DNS,OS,QID,port,results,status
hostIP,DNS,OS,QID,port,results,status
hostIP,DNS,OS,QID,port,results,status
hostIP,DNS,OS,QID,port,results,status
hostIP,DNS,OS,QID,port,results,status
hostIP,DNS,OS,QID,port,results,status
hostIP,DNS,OS,QID,port,results,status
hostIP,DNS,OS,QID,port,results,status
hostIP,DNS,OS,QID,port,results,status
hostIP,DNS,OS,QID,port,results,status
hostIP,DNS,OS,QID,port,results,status
hostIP,DNS,OS,QID,port,results,status
hostIP,DNS,OS,QID,port,results,status
hostIP,DNS,OS,QID,port,results,status
hostIP,DNS,OS,QID,port,results,status
hostIP,DNS,OS,QID,port,results,status
hostIP,DNS,OS,QID,port,results,status
hostIP,DNS,OS,QID,port,results,status
hostIP,DNS,OS,QID,port,results,status
hostIP,DNS,OS,QID,port,results,status
hostIP,DNS,OS,QID,port,results,status
