name,ID
All,154304
ASC-AHSVoiceC-VLan511,176086
AIT - Solution Center - 10.128.240.1-10.128.255.254,176323
AIT - Solution Center - 172.23.220.1-172.23.221.254,176327
AIT - Solution Center - 172.23.227.1-172.23.227.254,176328
AIT - Solution Center - 172.23.232.1-172.23.233.254,176329
AIT - Solution Center - 172.24.234.1-172.24.235.254,176330
AIT - Solution Center - 172.25.229.1-172.25.229.254,176331
AIT - Solution Center - 172.25.230.1-172.25.231.254,176332
AIT - Solution Center - 172.25.232.1-172.25.233.254,176334
AIT - Solution Center - 172.25.235.1-172.25.235.254,176336
AIT - Solution Center - 172.25.236.1-172.25.237.254,176337
AIT - Solution Center - 192.168.125.1-192.168.125.254,176338
AIT - Solution Center - External Network,176339
AIT - Solution Center - 10.128.0.1-10.128.223.254,176342
AIT - Solution Center - Cerner Citrix Servers,176386
AIT - Solution Center - Cerner Servers,176387
ASC-WirelessMgt-VLAN12,179561
ASC-AHSStaffP-VLAN508,179563
ASC-AHSStaffP 1k-VLAN505,179570
ASC-AudioVisual-VLAN951,179576
ASC-OneWest-Voice-VLAN204,179590
ASC-OneEast-Voice-VLAN205,179591
ASC-TwoEast-Voice-VLAN206,179592
ASC-FiveEast-VLAN713,179832
ASC-FiveEast-Voice-VLAN213,179833
ASC-FourEast-VLAN711,179834
ASC-FourEast-Voice-VLAN211,179837
ASC-SixEast-VLAN715,179841
ASC-SixEast-Voice-VLAN215,179842
ASC-ThreeEast-VLAN709,179843
ASC-ThreeEast-Voice-VLAN209,179848
ASC-TwoEast-VLAN707,179849
ASC-TwoEast-Voice-VLAN207,179851
ASC-AHSVoiceC-VLAN518,179852
ASC-FiveWest-VLAN712,179853
ASC-FourWest-VLAN710,179863
ASC-FourWest-Voice-VLAN210,179864
ASC-OneWest-VLAN704,179865
ASC-SixWest-VLAN714,179867
ASC-SixWest-Voice-VLAN214,179868
ASC-TwoWest-VLAN706,179869
ASC-ThreeWest-Voice-VLAN208,179870
ASC-ThreeWest-VLAN708,179871
ASC-SmartRoom-Voice-VLAN216,179881
ASC-SmartRoom-Data-VLAN716,179883
ACD-WRD-CTX-DATA,182126
ACD-WRD-DC-CRN-DATA,182129
ACD-WRD-DC-SRV-DATA,182481
ACD-WRD-CTX-CRN-DATA,182489
ACD-WRD-DC-PACS-DATA,182490
ACD-WRD-DC-DICT-DATA,182491
ACD-WRD-MGT-DATA,182496
ACD-WRD-ERP-PRD-DATA,183093
ACD-WRD-ERP-NPRD-DATA,183094
ACD-WRD-LEG-DATA,183095
ACD-WRD-NET-IN-DATA,183096
ACD-WRD-LEG-VOICE,183097
ACD-WRD-SIM-VDI-DATA,183098
ACD-WRD-CSO-VOICE,183099
ACD-WRD-CTX-INF-DATA,183101
ACD-WRD-CTX-NXT-DATA,183102
ACD-WRD-VDI-PRD-DATA,183103
ACD-WRD-IBM-DATA,183105
ACD-WRD-ISYN-Data,183118
ACD-WRD-OVM-DATA,183119
ACD-WRD-VMO-DATA,183120
ACD-WRD-ORC-BIG-DATA,183121
ACD-WRD-STR-DATA,183123
ACD-WRD-BAK-NET-DATA,183125
ACD-WRD-SPV-TST-DATA,183126
ACD-WRD-ADD-DATA,183128
ACD-WRD-ADV-DATA,184571
ACD-WRD-MHD-DATA,184572
ACD-WRD-ISYN-NPD-DATA,184574
ACD-WRD-ISYN-PRD-Data,184575
ACD-WRD-DSO-DATA,184581
FIS-WRD-AHSVoiceW-VLAN511-VOICE,189615
FIS-WRD-MGT-VLAN10-DATA,189616
FIS-WRD-SRV-VLAN600,189617
FIS-WRL-AHSSTAFFP-DATA,189713
FIS-WRD-AXIS-VLAN798,190088
FIS-WRD-AHSSTAFFW-DATA,190089
FIS-WRD-VLAN621-VM-MGT-DATA,190092
FIS-FWN-Guest Wireless-VLAN902,190094
FIS-FWN-AHSSPKDev-VLAN907,190095
FIS-WRD-LEGCY-VLAN974,190096
FIS-WRD-CLA-VLAN204-VOICE,190097
FIS-WRD-CLB-VLAN205-VOICE,190098
FIS-WRD-CLC-VLAN206-VOICE,190099
FIS-WRD-CLD-VLAN207-VOICE,190100
FIS-WRD-CLE-VLAN208-VOICE,190101
FIS-WRD-CLF-VLAN209-VOICE,190102
FIS-WRD-CLG-VLAN241-VOICE,190103
FIS-WRD-CLH-VLAN242-VOICE,190104
AIT-HelloWell-RHLE Hosts,190745
AIT-HelloWell-RHEL,190751
FIS-WRD-CLI-VLAN243-VOICE,191996
FIS-WRD-CLJ-VLAN244-VOICE,191997
FIS-WRD-CLL-VLAN245-VOICE,191998
FIS-WRD-CLN-VLAN216-VOICE,191999
FIS-WRD-CLR-VLAN217-VOICE,192000
FIS-WRD-CLO-VLAN218-VOICE,192001
FIS-WRD-CLP-VLAN219-VOICE,192002
FIS-WRD-CLS-VLAN221-VOICE,192004
FIS-WRD-CLT-VLAN222-VOICE,192005
FIS-WRD-CLU-VLAN223-VOICE,192006
FIS-WRD-CLV-VLAN224-VOICE,192023
FIS-WRD-CLW-VLAN225-VOICE,192024
FIS-IDF-CLA-VLAN704-DATA,192025
FIS-CLB-DATA-VLAN705,192026
FIS-CLC-DATA-VLAN706,192027
FIS-CLD-DATA-VLAN707,192028
FIS-CLE-DATA-VLAN708,192029
FIS-CLF-DATA-VLAN709,192030
FIS-CLG-DATA-VLAN711,192031
FIS-CLH-DATA-VLAN712,192032
FIS-CLI-DATA-VLAN713,192033
FIS-CLJ-DATA-VLAN714,192034
FIS-CLL-DATA-VLAN715,192035
FIS-CLN-DATA-VLAN716,192036
FIS-CLR-DATA-VLAN717,192037
FIS-CLO-DATA-VLAN718,192038
FIS-CLP-DATA-VLAN719,192039
FIS-CLS-DATA-VLAN721,192040
FIS-CLT-DATA-VLAN722,192041
FIS-CLU-DATA-VLAN723,192042
FIS-CLV-DATA-VLAN724,192043
FIS-CLW-DATA-VLAN725,192044
FIS-WRD-AHSMwmD-VLAN520,192045
FIS-WRD-AHSEntP-VLAN504,192046
FIS-WRD-AHSVoiceC-VLAN518-VOICE,192047
AIT - Solution Center,192308
ASC-WRL-GRP-End User Subnets,192315
FIS-X-Not Used,192770
SMM-WRD-WRL-VLANs7xx,192933
FIS-WRD-TELECOM-VLAN200,192950
FIS-WRD-SPECTRUM_SIP_PEERING,192954
FIS-WAN-PEER_LINKS,192955
FIS-WRD-PACS FW-VLAN958,192957
FIS-OTHER-SUBNETS,193141
SMM-All Subnets,193870
DEL AHSEntP_504 (VLAN 504),196662
DEL AHSMwmD (VLAN 520),196663
DEL AHSSEntP (VLAN 508),196664
DEL AHSSPKDeV (VLAN 907),196665
SMM-WRD-MECH2VLAN722-DAT,197822
SMM-WRD-2EASTVLAN714-DAT,197823
SMM-WRD-2EASTVLAN214-VOI,197824
SMM-WRD-2OBVLAN707-DAT,197825
SMM-WRD-2OBVLAN207-VOI,197826
SMM-WRL-AeroscoutVLAN514-DAT,197827
SMM-WRD-AHVLAN755-DAT,197828
SMM-WRD-AHVLAN255-VOI,197829
SMM-WRL-AHSMwmDVLAN520-DAT,197830
SMM-WRL-AHSSEntPVLAN501-DAT,197831
SMM-WRL-AHSSEntPVLAN504-DAT,197832
SMM-WRL-AHSSEntPVLAN515-DAT,197833
SMM-WRL-AHSSPKDevVLAN519-DAT,197834
SMM-WRL-AHSVoiceCVLAN518-VOI,197835
SMM-WRL-AHSVoiceWVLAN511-VOI,197836
SMM-WRL-AHSVoiceWVLAN512-VOI,197837
SMM-WRD-AnesVLAN142-DAT,197838
SMM-WRD-ASIVLAN141-DAT,197839
SMM-WRD-AskVLAN181-DAT,197840
SMM-WRD-B101VLAN730-DAT,197841
SMM-WRD-B101VLAN230-VOI,197842
SMM-WRD-B201VLAN732-DAT,197843
SMM-WRD-B201VLAN232-VOI,197844
SMM-WRD-B400VLAN734-DAT,197845
SMM-WRD-B400VLAN234-VOI,197846
SMM-WRD-B500VLAN735-DAT,197847
SMM-WRD-B500VLAN235-VOI,197848
SMM-WRD-B700VLAN736-DAT,197849
SMM-WRD-B700VLAN236-VOI,197850
SMM-WRD-B800VLAN737-DAT,197851
SMM-WRD-B800VLAN237-VOI,197852
SMM-FWN-BACVLAN923-DAT,197853
SMM-WRD-BeckmanVLAN914-DAT,197854
SMM-WRD-BiomerieuxVLAN918-BIO,197855
SMM-WRD-BMDIVLAN126-BIO,197856
SMM-WRD-CashVLAN145-PCI,197857
SMM-FWN-CernerVLAN968-DAT,197858
SMM-WRD-CrestronVLAN203-VID,197859
SMM-WRD-ElectricalVLAN195-DAT,197860
SMM-FWN-EpicureVLAN924-DIG,197861
SMM-WRD-EW1NVLAN218-DAT,197862
SMM-WRD-EW1NVLAN718-DAT,197863
SMM-WRD-FACVLAN708-DAT,197864
SMM-WRD-FACVLAN208-VOI,197865
SMM-FWN-GEVLAN921-BIO,197866
SMM-WRD-GTMBVLAN757-DAT,197867
SMM-WRD-GTMBVLAN257-VOI,197868
SMM-FWN-IntuitiveVLAN913-BIO,197869
SMM-FWN-JCICVLAN916-BIO,197870
SMM-WRD-LABVLAN715-DAT,197871
SMM-FWN-LabVLAN911-BIO,197872
SMM-WRD-LabVLAN215-VOI,197873
SMM-WRD-LANJCICPRI-DAT,197874
SMM-WRD-LDBVLAN751-DAT,197875
SMM-WRD-LDBVLAN251-VOI,197876
SMM-FWN-LegacySRVVLAN975-DAT,197877
SMM-FWN-LegacyWkstnVLAN974-DAT,197878
SMM-WRD-LIBVLAN720-DAT,197879
SMM-WRD-LIBVLAN220-VOI,197880
SMM-WRD-LOCALVPN-DAT,197881
SMM-WRL-LWAPPMGTVLAN515-DAT,197882
SMM-WRD-MECH2VLAN222-VOI,197883
SMM-WRD-ModalitiesVLAN135-DAT,197884
SMM-FWN-MultiVendorVLAN919-DAT,197885
SMM-WRD-NtwkMgmtVLAN10-DAT,197886
SMM-WRD-OCRVLAN717-DAT,197887
SMM-WRD-OCRVLAN217-VOI,197888
SMM-WRD-OSCCNVLAN704-DAT,197889
SMM-WRD-OSCCNVLAN798-MGNT,197890
SMM-WRD-OSCCNMgmtVLAN10-DAT,197891
SMM-WRD-OSCCNVLAN204-VOI,197892
SMM-WRL-OSCCNVLAN515-DAT,197893
SMM-WRD-OSCCQVLAN704-DAT,197894
SMM-WRD-OSCCQVLAN798-MGNT,197895
SMM-WRD-OSCCQMgmtVLAN10-DAT,197896
SMM-WRD-OSCCQPACSVLAN100-BIO,197897
SMM-WRD-OSCCQVLAN204-VOI,197898
SMM-WRL-OSCCQVLAN515-DAT,197899
SMM-WRD-OSCCSVLAN704-DAT,197900
SMM-WRD-OSCCSVLAN798-MGNT,197901
SMM-WRD-OSCCSMgmtVLAN10-DAT,197902
SMM-WRD-OSCCSVLAN204-VOI,197903
SMM-WRL-OSCCSVLAN515-DAT,197904
SMM-WRD-OSDPCVLAN704-DAT,197905
SMM-WRD-OSDPCVLAN798-MGNT,197906
SMM-WRD-OSDPCMgmtVLAN10-DAT,197907
SMM-WRD-OSDPCVLAN204-VOI,197908
SMM-WRL-OSDPCVLAN515-DAT,197909
SMM-WRD-OSDSPVLAN704-DAT,197910
SMM-WRD-OSDSPVLAN798-MGNT,197911
SMM-WRD-OSDSPMgmtVLAN10-DAT,197912
SMM-WRD-OSDSPVLAN204-VOI,197913
SMM-WRL-OSDSPVLAN515-DAT,197914
SMM-WRD-OSHLVVLAN704-DAT,197915
SMM-WRD-OSHLVVLAN798-MGNT,197916
SMM-WRD-OSHLVMgmtVLAN10-DAT,197917
SMM-FWN-OSHLVPACSVLAN958-BIO,197918
SMM-WRD-OSHLVVLAN204-VOI,197919
SMM-WRL-OSHLVVLAN515-DAT,197920
SMM-WRD-OSLFPVLAN704-DAT,197921
SMM-WRD-OSLFPMgmtVLAN10-DAT,197922
SMM-WRD-OSLFPVLAN798-MGNT,197923
SMM-WRD-OSLFPVLAN204-VOI,197924
SMM-WRL-OSLFPVLAN515-DAT,197925
SMM-WRD-OSLPCVLAN704-DAT,197926
SMM-WRD-OSLPCMgmtVLAN10-DAT,197927
SMM-WRD-OSLPCVLAN798-MGNT,197928
SMM-WRD-OSLPCVLAN204-VOI,197929
SMM-WRL-OSLPCVLAN515-DAT,197930
SMM-WRD-OSPTLVLAN704-DAT,197931
SMM-WRD-OSPTLVLAN798-MGNT,197932
SMM-WRD-OSPTLMgmtVLAN10-DAT,197933
SMM-WRD-OSPTLVLAN204-VOI,197934
SMM-WRL-OSPTLVLAN515-VOI,197935
SMM-WRD-OSPTOVLAN704-DAT,197936
SMM-WRD-OSPTOVLAN798-MGNT,197937
SMM-WRD-OSPTOMgmtVLAN10-DAT,197938
SMM-WRD-OSPTOVLAN204-VOI,197939
SMM-WRL-OSPTOVLAN515-DAT,197940
SMM-WRD-OSPTSVLAN704-DAT,197941
SMM-WRD-OSPTSVLAN798-MGNT,197942
SMM-WRD-OSPTSMgmtVLAN10-DAT,197943
SMM-WRL-OSPTSVLAN515-DAT,197944
SMM-WRD-OSPTWVLAN204-DAT,197945
SMM-WRD-OSPTWVLAN704-DAT,197946
SMM-WRD-OSPTWVLAN798-MGNT,197947
SMM-WRD-OSPTWMgmtVLAN10-DAT,197948
SMM-WRL-OSPTWVLAN515-DAT,197949
SMM-WRD-OSPVCVLAN704-DAT,197950
SMM-WRD-OSPVCVLAN798-MGNT,197951
SMM-WRD-OSPVCMgmtVLAN10-DAT,197952
SMM-WRD-OSPVCVLAN204-VOI,197953
SMM-WRL-OSPVCVLAN515-DAT,197954
SMM-WRD-OSRMHVLAN704-DAT,197955
SMM-WRD-OSRMHVLAN798-MGNT,197956
SMM-WRD-OSRMHMgmtVLAN10-DAT,197957
SMM-WRD-OSRMHVLAN204-VOI,197958
SMM-WRL-OSRMHVLAN515-DAT,197959
SMM-WRL-OSWSCVLAN518-VOI,197960
SMM-WRD-OSWSCVLAN704-DAT,197961
SMM-WRD-OSWSCMgmtVLAN10-DAT,197962
SMM-WRD-OSWSCVLAN798-MGNT,197963
SMM-WRD-OSWSCVLAN204-VOI,197964
SMM-WRL-OSWSCVLAN515-DAT,197965
SMM-WRD-OTPTSVLAN204-VOI,197966
SMM-WRD-OVVLAN752-DAT,197967
SMM-WRD-OVVLAN252-VOI,197968
SMM-WRD-P2PCCNATT-DAT,197969
SMM-WRD-P2PCCNCCI-Rsrvd-DAT,197970
SMM-WRD-P2PCCQATT-DAT,197971
SMM-WRD-P2PCCQCCI-DAT,197972
SMM-WRD-P2PCCSATT2-DAT,197973
SMM-WRD-P2PDPCATT-DAT,197974
SMM-WRD-P2PDPCCCI-DAT,197975
SMM-WRD-P2PDSPATT-DAT,197976
SMM-WRD-P2PDSPCCI-DAT,197977
SMM-WRD-P2PHLVATTRsvd-DAT,197978
SMM-WRD-P2PHLVCCI-DAT,197979
SMM-WRD-P2PJCICPRI-DAT,197980
SMM-WRD-P2PJCIC-DAT,197981
SMM-WRD-P2PLFPATT-DAT,197982
SMM-WRD-P2PLFPCCI-DAT,197983
SMM-WRD-P2PLPCATT-DAT,197984
SMM-WRD-P2PLPCCCI-DAT,197985
SMM-WRD-P2PPTLATT-DAT,197986
SMM-WRD-P2PPTOATT-DAT,197987
SMM-WRD-P2PPTSATT-DAT,197988
SMM-WRD-P2PPTWATT-DAT,197989
SMM-WRD-P2PPVCCCIRsvd-DAT,197990
SMM-WRD-P2PRMHATT-DAT,197991
SMM-WRD-P2PRMHCCIRsvd-DAT,197992
SMM-WRD-P2PWSCATT-DAT,197993
SMM-WRD-P2PWSCCCI-DAT,197994
SMM-WRD-PACSVLAN101-BIO,197995
SMM-WRD-PACSVLAN170-BIO,197996
SMM-FWN-PACSVLAN958-BIO,197997
SMM-WRD-PACSVLAN100-BIO,197998
SMM-WRD-PACSWkstnVLAN171-BIO,197999
SMM-FWN-ParlanceVLAN925-DAT,198000
SMM-FWN-PCIVLAN917-PCI,198001
SMM-FWN-PCIVLAN400-DAT,198002
SMM-FWN-Ph75u99tVLAN906-DAT,198003
SMM-FWN-PhillipsBDMIVLAN910-BIO,198004
SMM-FWN-PhysicianVLAN962-PHY,198005
SMM-WRD-PTRVLAN799-DAT,198006
SMM-FWN-ProhealthVLAN922-DAT,198007
SMM-WRD-PSPPVCATT-DAT,198008
SMM-WRD-PSPPVCCCIRsvd-DAT,198009
SMM-WRD-PT1NVLAN713-DAT,198010
SMM-WRD-PT1NVLAN213-VOI,198011
SMM-WRD-PT1SVLAN724-DAT,198012
SMM-WRD-PT1SVLAN224-VOI,198013
SMM-WRD-PT2VLAN711-DAT,198014
SMM-WRD-PT2VLAN211-VOI,198015
SMM-WRD-PT3VLAN712-DAT,198016
SMM-WRD-PT3VLAN212-VOI,198017
SMM-WRD-PT4VLAN704-DAT,198018
SMM-WRD-PT4VLAN204-VOI,198019
SMM-WRD-PT5VLAN705-DAT,198020
SMM-WRD-PT5VLAN205-VOI,198021
SMM-WRD-PT6VLAN706-DAT,198022
SMM-WRD-PT6VLAN206-VOI,198023
SMM-WRD-PVVLAN753-DAT,198024
SMM-WRD-PVVLAN253-VOI,198025
SMM-WRD-PyxisVLAN120-DAT,198026
SMM-FWN-PyxisVLAN959-DAT,198027
SMM-WRD-RALSIStatVLAN140-DAT,198028
SMM-WRD-SBLDVLAN750-DAT,198029
SMM-WRD-SBLDVLAN250-VOI,198030
SMM-WRD-SECMANLANPRI-DAT,198031
SMM-WRD-SECMANLANSEC-DAT,198032
SMM-WRD-ServersVLAN600-DAT,198033
SMM-WRD-ServersVLAN601-DAT,198034
SMM-WRD-SFVLAN758-DAT,198035
SMM-WRD-SFVLAN258-VOI,198036
SMM-FWN-SkylightVLAN912-DAT,198037
SMM-WRD-SleepVLAN124-DAT,198038
SMM-WRD-SMMBVLAN754-DAT,198039
SMM-WRD-SMMBVLAN254-VOI,198040
SMM-WRD-SquareDVLAN196-DAT,198041
SMM-WRD-StaticVLAN798-MGMT,198042
SMM-WRD-StaticWkstnVLAN797-DAT,198043
SMM-FWN-TeleVLAN967-DAT,198044
SMM-FWN-VarianVLAN920-DAT,198045
SMM-WRD-VMWareMgmtVLAN621-DAT,198046
SMM-WRD-VMWarevMotionVLAN622-DAT,198047
SMM-WRD-VoiceELANVLAN202-VOI,198048
SMM-WRD-VoiceTLANVLAN201-VOI,198049
SMM-WRD-WANLANMPLS1PRI-DAT,198050
SMM-WRD-WANLANMPLS1SEC-DAT,198051
SMM-WRD-WANLANMPLS2PRI-DAT,198052
SMM-WRD-WANLANMPLS2SEC-DAT,198053
SMM-WRD-WANVLAN21-DAT,198054
SMM-WRD-WANVLAN22-DAT,198055
SMM-WRD-WatchChildVLAN130-DAT,198056
SMM-WRD-WC1VLAN738-DAT,198057
SMM-WRD-WC1VLAN238-VOI,198058
SMM-WRD-WC2VLAN739-DAT,198059
SMM-WRD-WC2VLAN239-VOI,198060
SMM-WRD-WC3VLAN740-DAT,198061
SMM-WRD-WC3VLAN741-DAT,198062
SMM-WRD-WC3VLAN240-VOI,198063
SMM-WRD-WC4VLAN241-VOI,198064
SMM-WRD-WLHVLAN756-DAT,198065
SMM-WRD-WLHVLAN256-VOI,198066
SMM-WRD-WW1VLAN716-DAT,198067
SMM-WRD-WW1VLAN216-VOI,198068
SMM-WRD-WW2VLAN721-DAT,198069
SMM-WRD-WW2VLAN221-VOI,198070
SMM-WRD-WWGAANVLAN18-DAT,198071
SMM-WRD-WWGVLAN710-DAT,198072
SMM-WRD-WWGVLAN210-VOI,198073
SMM-GRP-FWN-Vendor Managed,198954
SMM-GRP-BioMed Subnets,199581
SMM-GRP-Voice Subnets,199582
SMM-GRP-Server Subnets,199583
SMM-GRP-Management Subnets,199679
FIS-GRP-Production Subnet,199680
FIS-GRP-BioMed Subnets,199681
FIS-GRP-Voice Subnets,199684
ACC Keller - Wired - VLAN704,201869
ACC Keller Net Mgmt - VLAN10,201870
ACC Keller - Wireless - VLAN505,201871
ACC Keller - Servers - VLAN600,201872
ACC Keller - Monitoring - VLAN140,201873
ACC Keller - Printer - VLAN799,201874
ACC Keller - VMWare Mgmt - VLAN621,201875
ACC Keller - VMWare vMotion - VLAN622,201876
ACC Keller - VMWare Storage - VLAN660,201877
ACC Keller - Video - VLAN951,201878
ACC East Orlando - Wired - VLAN704,201879
ACC East Orlando - Voice - VLAN204,201880
ACC East Orlando - Net Mgmt - VLAN10,201881
ACC East Orlando - Wireless - VLAN 505,201882
ACC East Orlando - Servers - VLAN600,201883
ACC East Orlando - Printers - VLAN799,201884
ACC East Orlando - VMWare Mgmt - VLAN621,201885
ACC East Orlando - VMWare vMotion - VLAN622,201886
ACC East Orlando - VMWare Storage - VLAN660,201887
ACC East Orlando - Video - VLAN951,201888
ACC FLV - Wired - VLAN704,201889
ACC FLV - Voice -  VLAN204,201890
ACC FLV - Net Mgmt - VLAN10,201891
ACC FLV - Wireless - VLAN 505,201892
ACC FLV - Printers - VLAN 799,201893
ACC FLV - VMWare Mgmt - VLAN621,201894
ACC FLV - VMWare vMotion VLAN622,201895
ACC FLV - VMWare Storage - VLAN660,201896
ACC FLV - Video - VLAN951,201897
ACC Overland - Wired - VLAN 704,201898
ACC Overland - Voice - VLAN204,201899
ACC Overland - Net Mgmt - VLAN10,201900
ACC Overland - Wireless - VLAN 505,201901
ACC Overland - Servers - VLAN600,201902
ACC Overland - Printers - VLAN 799,201903
ACC Overland - VMWare Mgmt - VLAN621,201904
ACC Overland - VMWare vMotion - VLAN622,201905
ACC Overland - VMWare Storage - VLAN660,201906
ACC Overland - Video - VLAN951,201907
ACC Trinity - Wired - VLAN704,201908
ACC Trinity - Voice - VLAN204,201909
ACC Trinity - Net Mgmt - VLAN10,201910
ACC Trinity - Wireless - VLAN 505,201911
ACC Trinity - Servers - VLAN600,201912
ACC Trinity - Printers - VLAN 799,201913
ACC Trinity - VMWare Mgmt - VLAN621,201914
ACC Trinity - VMWare Motion - VLAN622,201915
ACC Trinity - VMWare Storage - VLAN660,201916
ACC Trinity - Video - VLAN951,201917
ACC Apopka- Wired - VLAN 704,201918
ACC Apopka- Voice - VLAN204,201919
ACC Apopka- Net Mgmt - VLAN10,201920
ACC Apopka - Wireless - VLAN 505,201921
ACC Apopka - Server  - VLAN600,201922
ACC Apopka - Printers - VLAN 799,201924
ACC Apopka - VMWare Mgmt - VLAN621,201925
ACC Apopka - VMWare vMotion - VLAN622,201926
ACC Apopka - VMWare Storage - VLAN660,201927
ACC Apopka- AVI - VLAN 951,201928
ACC Zephyrhills - Wired - VLAN 704,201929
ACC Zephyrhills - Net Mgmt - VLAN10,201930
ACC Zephyrhills - Wireless - VLAN 505,201931
ACC Zephyrhills - Printers - VLAN 799,201932
ACC Courtland - Wired - VLAN 704,201933
ACC Courtland - Voice - VLAN204,201934
ACC Courtland - Net Mgmt - VLAN10,201935
ACC Courtland - Wireless - VLAN 505,201936
ACC Courtland - Servers - VLAN600,201937
ACC Courtland - Printers - VLAN 799,201938
ACC Courtland - VMWare Mgmt - VLAN621,201939
ACC Courtland - VMWare vMotion VLAN622,201940
ACC Courtland - VMWare Storage - VLAN660,201941
ACC Courtland - AVI - VLAN951,201942
ACC Mills - Wired - VLAN 704,201943
ACC Mills - Wireless - VLAN 505,201944
ACC Spring View - Wired - VLAN 704,201945
ACC Spring View - Wireless - VLAN 505,201946
ACC Princeton - Wired - VLAN704,201947
ACC Princeton - Wireless - VLAN 505,201948
ACC Creekwood - Wired - VLAN704,201949
ACC Creekwood - Wireless - VLAN 505,201950
ACC Creekwood - Security Devices - VLAN905,201951
ACC Huguley - Wired - VLAN704,201952
ACC Huguley - Net Mgmt - VLAN10,201953
ACC Huguley - Wireless - VLAN 505,201954
ACC Huguley - Printers - VLAN 799,201955
ACC Hays - Wired - VLAN 704,201956
ACC Hays - Net Mgmt - VLAN10,201957
ACC Hays - Wireless - VLAN 505,201958
ACC Hays - Printers - VLAN 799,201959
ACC Hays - AVI - VLAN951,201960
ACC Bradford Heights - Wired - VLAN 704,201961
ACC Bradford Heights - Wireless - VLAN 505,201962
ACC Zephyrhaven - Wired - VLAN 704,201963
ACC Zephyrhaven - Net Mgmt - VLAN10,201964
ACC Zephyrhaven - Wireless - VLAN 505,201965
ACC Zephyrhaven- Printers - VLAN 799,201966
ACC-GRP-Voice Subnets,201970
ACC-GRP-End User Subnets-Reporting Only,201973
ACC-GRP-Server Subnets-Reporting Only,201974
ACC-GRP-Management Subnets,201980
ACC-GRP-FWN Vendor Managed,201983
CAR- IDF_MOB3_Voice -VLAN205,202249
CAR- Sunshine -VLAN 911,202250
CAR-AHS ILO-VLAN140,202251
CAR-AHS WIRELESS WEP-VLAN507,202252
CAR-AHSGuest Wireless-Vlan 902,202253
CAR-AHSVOICEW_WIRELESS_PHONES -VLAN511,202254
CAR-cBORD_PCI-vlan917,202255
CAR-DaVinci -VLAN 916,202256
CAR-EntP_DHCP_Reserve-vlan501,202257
CAR-eReader -VLAN 912,202258
CAR-FW PHILIPs -VLAN 910,202259
CAR-FW-ASA-Inside -VLAN915,202260
CAR-GEGateway-VLAN913,202261
CAR-Guest Network -Vlan902,202262
CAR-IDF_1A_DATA -VLAN708,202263
CAR-IDF_1A_Voice -VLAN208,202264
CAR-IDF_1B_Data -Vlan709,202265
CAR-IDF_1B_Voice -VLAN209,202266
CAR-IDF_2NORTH_DATA -VLAN715,202267
CAR-IDF_2North_Voice -VLAN215,202268
CAR-IDF_AUD_Data -VLAN713,202269
CAR-IDF_AUD_Voice -VLAN213,202270
CAR-IDF_ENG_Data -VLAN714,202271
CAR-IDF_ENG_Voice -VLAN214,202272
CAR-IDF_ER_Data -VLAN711,202273
CAR-IDF_ER_Voice -VLAN211,202274
CAR-IDF_MOB3_Data -VLAN705,202275
CAR-IDF_MOB3_Voice -VLAN204,202276
CAR-IDF_MOB4_Data -VLAN706,202277
CAR-IDF_MOB4_Voice -VLAN206,202278
CAR-IDF_MOB5_Data -VLAN716,202279
CAR-IDF_MOB5_Voice -VLAN216,202280
CAR-IDF_MOBTECHS_Data -VLAN707,202281
CAR-IDF_MOBTECHS_Voice -VLAN207,202282
CAR-IDF_MPLZ_DATA -VLAN719,202283
CAR-IDF_MPLZ_VOICE -VLAN219,202284
CAR-IDF_OCC_Data -VLAN712,202285
CAR-IDF_OCC_Voice -VLAN212,202286
CAR-IDF_RAD_Data -VLAN710,202287
CAR-IDF_RAD_Voice -VLAN210,202288
CAR-IDF_WCR_Data -VLAN717,202289
CAR-IDF_WCR_DATA -VLAN718,202290
CAR-IDF_WCR_Voice -VLAN217,202291
CAR-IDF_WCR_VOICE -VLAN218,202292
CAR-Legacy Workstation -VLAN 974,202293
CAR-MANAGEMENT -VLAN 10,202294
CAR-Neuro Diagnostics -VLAN149,202295
CAR-Nortel ELAN -VLAN202,202296
CAR-Nortel TLAN -VLAN201,202297
CAR-PACS -VLAN170,202298
CAR-PACS_OTHERS -VLAN171,202299
CAR-Ph75u99t -VLAN 906,202300
CAR-PMDF Data -VLAN704,202301
CAR-PRINTERS-NEW -VLAN799,202302
CAR-Radiology -VLAN141,202303
CAR-SERVERS -VLAN600,202304
CAR-Static_Devices -VLAN798,202305
CAR-TeleICU Equipment -VLAN 967,202306
CAR-Vendor Internet -VLAN 914,202307
CAR-WAAS -VLAN21,202308
CAR-Wireless AHSMwmD -VLAN520,202309
CAR-Wireless AHSMwmD Hospira Pumps -VLAN520,202310
CAR-Wireless AHSVoiceC Cisco Phones -VLAN518,202311
CAR-WIRELESS DHCP AHSStaffP -VLAN505,202312
CAR-Wireless-mgmt -VLAN12,202313
CAR_FWPACs 958,202314
UCHG CARROLLWOOD VLAN143,202315
CAR-WRL-GRP-End User Subnets,202327
CAR-GRP-Voice Subnets,202328
CAR-GRP-FWN Vendor Managed,202329
FLG-Wireless Management -VLAN 13,203848
FLG-Legacy Workstations-VLAN 974,203849
FLG-Test DHCP Scope -VLAN 950,203850
FLG-SSID AHSSPKDeV? -VLAN 907,203851
FLG-Provider Wireless -VLAN 906,203852
FLG-Printer VLAN -VLAN 799,203853
FLG-PACS DEVICES -VLAN 701,203854
FLG-PACS CORE -VLAN 700,203855
FLG-Offsite FLG Dr.McKinley -VLAN 704 Data,203856
FLG-Offsite FLG Dr.McKinley -VLAN 204 Voice,203857
FLG-Offsite FLG Dr.Martin -VLAN 704 Data,203858
FLG-Offsite FLG Dr.Martin -VLAN 204 Voice,203859
FLG-Offsite FLG Dr.Combs -VLAN 704 Data,203860
FLG-Offsite FLG Dr.Combs -VLAN 204 Voice,203861
FLG-Management -VLAN 10,203862
FLG-IDF 9 (Hospice House) - VOICE VLan 233,203863
FLG-IDF 9 (Hospice House) - DATA VLan 733,203864
FLG-IDF 8 (3rd FL Nurse ST) - VOICE VLan 232,203865
FLG-IDF 7 (3rd FL MOB) - VOICE VLan 231,203866
FLG-IDF 7 (3rd FL MOB) - DATA VLan 731,203867
FLG-IDF 6 (2nd FL MOB) - VOICE VLan 230,203868
FLG-IDF 6 (2nd FL MOB) - DATA VLan 730,203869
FLG-IDF 5 (MDF) - VOICE -VLAN 229,203870
FLG-IDF 5 (MDF) - DATA VLan 729,203871
FLG-IDF 4 (YMCA) - VOICE -VLAN 228,203872
FLG-IDF 4 (YMCA) - DATA VLan 728,203873
FLG-IDF 3 (Radiology) - VOICE -VLAN 227,203874
FLG-IDF 3 (Radiology) - DATA VLan 727,203875
FLG-IDF 2 (OR) - VOICE -VLAN 226,203876
FLG-IDF 2 (OR) - DATA VLan 726,203877
FLG-IDF 13 (Urgent Care Ctr) - VOICE VLan 237,203878
FLG-IDF 13 (Urgent Care Ctr) - DATA VLan 737,203879
FLG-IDF 11 (3rd FL New Wing) - VOICE VLan 235,203880
FLG-IDF 11 (3rd FL New Wing) - DATA VLan 735,203881
FLG-IDF 10 (2nd FL New Wing) - VOICE VLan 234,203882
FLG-IDF 10 (2nd FL New Wing) - DATA VLan 734,203883
FLG-IDF 1 (Cafeteria) - VOICE VLan 225,203884
FLG-IDF 1 (Cafeteria) - DATA VLan 725,203885
FLG-IDF #2 - RAD Rad/Surg - VLAN 120,203886
FLG-Guest Wireless -VLAN 902,203887
FLG-UPS Monitoring -VLAN 145,203888
FLG-FHF Parkway Medical Center - VOICE VLan 204,203889
FLG-FHF Parkway Medical Center - DATA VLan 704,203890
FLG-Dr.Alter-Town Center -VLan 238,203891
FLG-Dr.Alter-Town Center -Data Vlan 738,203892
FLG-AHSVoiceC -Vlan 518,203893
FLG-AHSStaffW -VLAN 509,203894
FLG-AHSStaffP -VLAN 508,203895
FLG-AHS Voice Wireless 2 -VLan 512,203896
FLG-WRL-GRP-End-User Subnets,203898
FLG-GRP-Management Subnets,203903
FLG-GRP-Voice Subnets,203904
FLG-GRP-FWN Vendor Managed,203905
OCN - AHSVoiceC - VLAN518,204568
OCN - IDF1-Datacenter-Data - VLAN704,204569
OCN - IDF1-Datacenter-Voice - VLAN204,204570
OCN - IDF2-Lab-Data - VLAN705,204571
OCN - IDF2-Lab-Voice - VLAN205,204572
OCN - IDF3-2ndFL-Data - VLAN706,204573
OCN - IDF3-2ndFL-Voice - VLAN206,204574
OCN - IDF4-3rdFL-Data - VLAN707,204575
OCN - IDF4-3rdFL-Voice - VLAN207,204576
OCN - Printer - VLAN799,204577
OCN - SSID AHSSPKDeV - VLAN907,204578
OCN - Wireless-AHSGuest - VLAN902,204579
OCN - Wireless-AHSMwmD - VLAN520,204580
OCN - Wireless-AHSStaffP - VLAN505,204581
OCN - Wireless-Provider - VLAN906,204582
OCN - WirelessMgmt-LWAPP - VLAN12,204583
OCN-GRP-End-User Subnets,204588
OCN-GRP-Management Subnets,204590
OCN-GRP-Voice Subnets,204591
OCN-GRP-FWN Vendor Managed,204593
RFL - IDF1-1stFL-Voice - VLAN204,204595
RFL - IDF1-1stFLr-Data - VLAN704,204596
RFL - IDF2-2ndFL-Data - VLAN705,204597
RFL - IDF2-2ndFl-Voice - VLAN205,204598
RFL - IDF3-3rdFL-Data - VLAN706,204599
RFL - IDF3-3rdFL-Voice - VLAN206,204600
RFL - IDF4-Datacenter3rdFL-Data - VLAN707,204601
RFL - IDF4-Datacenter3rdFL-Voice - VLAN207,204602
RFL - Printer - VLAN799,204603
RFL - Legacy Workstations - VLAN974,204604
RFL-WRD-GRP-End-User Subnets,204605
RFL-GRP-Voice Subnets,204606
RFL-GRP-FWN Vendor Managed,204607
WAT - Server (New) - VLAN600,204623
WAT - Wireless_DHCPReserve - VLAN500,204624
WAT - AHSStaffP - VLAN700,204625
WAT - AHSVoiceC - VLAN200,204626
WAT - BAH & EAR Data - VLAN700,204627
WAT - BAH Data - VLAN700,204628
WAT - BAH Voice - VLAN200,204629
WAT - CAE Data - VLAN700,204630
WAT - CAE Voice - VLAN700,204631
WAT - Cancer Ctr Voice - VLAN200,204632
WAT - Cancer Ctr Data - VLAN700,204633
WAT - CMI Bldg Voice - VLAN200,204634
WAT - CMI Bldg Data - VLAN700,204635
WAT - ComHealth Data - VLAN700,204636
WAT - ComHealth Voice - VLAN200,204637
WAT - DAC & MAA Data - VLAN700,204638
WAT - DAC Data - VLAN700,204639
WAT - DAC Voice - VLAN200,204640
WAT - Data Ctr - VLAN600,204641
WAT - EAR Data - VLAN700,204642
WAT - EAR Voice - VLAN200,204643
WAT - FAI Data - VLAN700,204644
WAT - FAI Voice - VLAN200,204645
WAT - GAJ Data - VLAN700,204646
WAT - GAJ Voice - VLAN200,204647
WAT - HAD & FAI Data - VLAN700,204648
WAT - HAD Data - VLAN700,204649
WAT - HAD Voice - VLAN200,204650
WAT - IAD Data - VLAN700,204651
WAT - IAD Voice - VLAN200,204652
WAT - JAI Data - VLAN700,204653
WAT - JAI Voice - VLAN200,204654
WAT - KAB Data - VLAN700,204655
WAT - KAB Voice - VLAN200,204656
WAT - LAD & KAB Data - VLAN700,204657
WAT - LAD Data - VLAN700,204658
WAT - LAD Voice - VLAN200,204659
WAT - Legacy Wired Mgmt - VLAN10,204660
WAT - Legacy Wireless - VLAN500,204661
WAT - MAA Data - VLAN700,204663
WAT - MAA Voice - VLAN200,204664
WAT - MedEquip Data - VLAN700,204665
WAT - MES Voice - VLAN200,204666
WAT - MOB East Voice - VLAN200,204667
WAT - MOB West Voice - VLAN200,204668
WAT - MOB East Data - VLAN700,204669
WAT - MOB West Data - VLAN700,204670
WAT - NAG Data - VLAN700,204671
WAT - NAG Voice - VLAN200,204673
WAT - Provider - VLAN900,204674
WAT - PYXIS2 - VLAN10,204675
WAT - QBF Data - VLAN700,204676
WAT - QBF Voice - VLAN200,204677
WAT - RAB Data - VLAN700,204678
WAT - RAB Voice - VLAN200,204679
WAT - TAC Data - VLAN700,204680
WAT - TAC Voice - VLAN200,204681
WAT - UAK Data - VLAN700,204682
WAT - UAK Voice - VLAN200,204683
WAT - VAA Data - VLAN700,204684
WAT - VAA Voice - VLAN200,204685
WAT - Management - VLAN13,204686
WAT - Voice - VLAN210 FW,204687
WAT - Voice - VLAN211 FW,204688
WAT - Voice - VLAN215,204689
WAT - Server (OLD) - VLAN600 (Old),204690
WAT - Server (OLD) - VLAN601 (Old),204691
WAT - End User - VLAN798,204692
WAT - Vendor Managed - VLAN902 FW,204693
WAT - Vendor Managed - VLAN911 FW,204694
WAT - Vendor Managed - VLAN912 FW,204695
WAT - Vendor Managed - VLAN913 FW,204696
WAT - Vendor Managed - VLAN914 FW,204697
WAT - Vendor Managed - VLAN916 FW,204698
WAT - Vendor Managed - VLAN917 FW,204699
WAT - Vendor Managed - VLAN918 FW,204700
WAT - Vendor Managed - VLAN919 FW,204701
WAT - Vendor Managed - VLAN922 FW,204702
WAT - Vendor Managed - VLAN952,204703
WAT - Vendor Managed - VLAN958 FW,204704
WAT - Vendor Managed - VLAN959,204705
WAT - Vendor Managed - VLAN968 FW,204706
WAT - VoiceW - VLAN200,204707
WAT - Wired Mgmt - VLAN10,204708
WAT - Wireless Mgmt - VLAN10,204709
WAT - CAE Data2 - VLAN700,204717
WAT - Cancer Ctr Data2 - VLAN700,204718
WAT - CMI Bldg Data2 - VLAN700,204719
WAT - NAG Data2 - VLAN700,204720
WAT - QBF Data2 - VLAN700,204721
WAT - TAC Data2 - VLAN700,204722
WAT - UAK Data2 - VLAN700,204723
WAT - JAI IAD GAJ Data2 - VLAN700,204724
WAT-WRL-GRP-End-User Subnets,204725
WAT-GRP-Server Subnets,204726
WAT-GRP-Management Subnets,204728
WAT-GRP-Voice Subnets,204776
WAT-GRP-FWN Vendor Managed,204778
ORM - 6th Floor Patient Care Unit (PCU) - VLAN225,204779
ORM - 6th Floor Patient Care Unit (PCU) - VLAN725,204780
ORM - Administration - VLAN231,204781
ORM - Administration - VLAN731,204782
ORM - AHSMwmD Wireless Medical Devices - VLAN520,204783
ORM - AHSStaffP offsite Wireless - VLAN513,204784
ORM - AHSVoiceC - VLAN518,204785
ORM - Birthcare Center (East) - VLAN218,204786
ORM - Birthcare Center (East) - VLAN718,204787
ORM - Birthcare Center (West) - VLAN217,204788
ORM - Birthcare Center (West) - VLAN717,204789
ORM - Central Energy Plant - VLAN232,204790
ORM - Central Energy Plant - VLAN732,204791
ORM - Critical Cardiac Care (CCC) - VLAN214,204792
ORM - Critical Cardiac Care (CCC) - VLAN714,204793
ORM - Data Center - VLAN219,204794
ORM - Data Center - VLAN719,204795
ORM - Daytona Beach Shores Offsite - - VLAN204,204796
ORM - Daytona Beach Shores Offsite - - VLAN704,204797
ORM - FHI Data (Schneider / Bigman / Casimiro) VLAN704,204799
ORM - FHI PACS Only VLAN750,204800
ORM - FHI Voice (Schneider / Bigman / Casimiro) VLAN204,204801
ORM - FHMMC Offsite FHI Mortara VLAN520,204802
ORM - FHMMC Offsite New Smyrna Health Park Facilities VLAN755,204803
ORM - FHMMC Offsite Scheerer Data (VLAN704,204804
ORM - FHMMC Offsite Scheerer Voice (VLAN204,204805
ORM - Guest Wireless VLAN902,204806
ORM - Health Park New Smyrna Data - VLAN704,204807
ORM - Health Park New Smyrna PACS - VLAN750,204808
ORM - Health Park New Smyrna Voice - VLAN204,204809
ORM - IDF 29 Cancer Care Center - VLAN233,204810
ORM - IDF 29 Cancer Care Center - VLAN733,204811
ORM - Legacy Firewalled Devices VLAN974,204813
ORM - Legacy Workstations - VLAN974,204814
ORM - Marketing Offsite - VLAN204,204815
ORM - Marketing Offsite - VLAN704,204816
ORM - Medical Intensive Care Unit (MICU) - VLAN223,204817
ORM - Medical Intensive Care Unit (MICU) - VLAN723,204818
ORM - MOB 2nd Floor - VLAN212,204819
ORM - MOB 2nd Floor - VLAN712,204820
ORM - MOB 3rd Floor - VLAN216,204821
ORM - MOB 3rd Floor - VLAN716,204822
ORM - MOB 4th Floor - VLAN221,204823
ORM - MOB 4th Floor - VLAN721,204824
ORM - MOB 5th Floor - VLAN224,204825
ORM - MOB 5th Floor - VLAN724,204826
ORM - MOB Registration - VLAN208,204827
ORM - MOB Registration - VLAN708,204828
ORM - Observation - VLAN229,204829
ORM - Observation - VLAN729,204830
ORM - Oceanside (IDF1) - VLAN101,204831
ORM - Oceanside (IDF2) - VLAN102,204832
ORM - Oceanside (IDF3) - VLAN103,204833
ORM - Oceanside (MDF) - VLAN100,204834
ORM - Offsite FHMMC Dr. Zahedi Voice - VLAN204,204835
ORM - Offsite FHMMC Dr. Zahedi Data - VLAN704,204836
ORM - Offsite FHMMC Dr.Pecks Voice - VLAN204,204837
ORM - Offsite FHMMC Dr.Pecks Data - VLAN704,204838
ORM - Offsite FHMMC Twin Lakes Voice- VLAN204,204839
ORM - Offsite FHMMC Twin Lakes Data - VLAN704,204840
ORM - Offsite New Smyrna Health Park AHSStaffP - VLAN505,204841
ORM - Offsite New Smyrna Health Park Mortara - VLAN520,204842
ORM - ON HOLD - VLAN730,204843
ORM - ON HOLD 11th Floor - VLAN230,204844
ORM - PACS - VLAN700,204845
ORM - Post Anestesia Care Unit (PACU) - VLAN210,204846
ORM - Post Anestesia Care Unit (PACU) - VLAN710,204847
ORM - PrinterVLANEntire Building - VLAN799,204848
ORM - Provider wireless - VLAN906,204849
ORM - Same Day Surgery - VLAN209,204850
ORM - Same Day Surgery - VLAN709,204851
ORM - SSID AHSSPKDeV - VLAN907,204852
ORM - Static - VLAN798,204853
ORM - TeleICU Equipment - VLAN967,204854
ORM - Wireless Data - VLAN505,204855
ORM - Wireless Management - VLAN12,204856
ORM - Wireless Voice - AHSVoiceW - VLAN511,204857
ORM - 7th Floor Patient Care Unit (PCU) Risk Management - VLAN226,204862
ORM - 7th Floor Patient Care Unit (PCU) Risk Management - VLAN726,204863
ORM - 8th Floor - MCU Diabetes Rehab - VLAN727,204864
ORM - Cath Lab CVICU - VLAN215,204865
ORM - Cath Lab CVICU - VLAN715,204866
ORM - CCC Central Monitoring Education Classroom - VLAN213,204867
ORM - CCC Central Monitoring Education Classroom - VLAN713,204868
ORM - ER Cardio - VLAN204,204869
ORM - ER Cardio - VLAN704,204870
ORM - Human Resources Pharmacy Surgery - VLAN211,204871
ORM - Human Resources Pharmacy Surgery - VLAN711,204872
ORM - Materials Management EVS/FANS Engineering - VLAN207,204873
ORM - Materials Management EVS/FANS Engineering - VLAN707,204874
ORM - MCU Diabetes Rehab - VLAN227,204875
ORM - Medical Records Clinical Engineering Cafeteria - VLAN206,204876
ORM - Medical Records Clinical Engineering Cafeteria - VLAN706,204877
ORM - Nursing Performance Improvement Education - VLAN228,204878
ORM - Nursing Performance Improvement Education - VLAN728,204879
ORM - Radiology Auxiliary - VLAN205,204880
ORM - Radiology Auxiliary - VLAN705,204881
ORM - Surgical Intensive Care Unit (SICU) Case Management - VLAN222,204882
ORM - Surgical Intensive Care Unit (SICU) Case Management - VLAN722,204883
ORM-WRL-GRP-End-User Subnets,204885
ORM-GRP-Management Subnets,204887
ORM-GRP-Voice Subnets,204888
ORM-GRP-FWN Vendor Managed,204889
SMM-WRL-GRP-End-User Subnet,205280
TAM-AHSVoiceW-LAN511,205567
TAM-PRINTER-VLAN799,205568
TAM-Net Mgmt-VLAN10,205569
TAM-Server VLAN-VLAN600,205570
TAM-Static Devices-VLAN798,205571
TAM-PACS-VLAN170-BIO,205572
TAM-PACS-VLAN171-BIO,205573
TAM-Wireless Net Mgmt-VLAN12,205574
TAM-AHSStaffP Wireless A-VLAN505,205575
TAM-Firewall_PETCTMobile -VLAN911,205576
TAM-FHT GEGateway-VLAN913,205577
TAM-ROCHE-VLAN914,205578
TAM-Sysmex-VLAN918,205579
TAM-FHTVMware Management-VLAN621,205580
TAM-FHTVmotion-VLAN622,205581
TAM-FHT NFS Storage-VLAN660,205582
TAM-ILO-VLAN140,205583
TAM-Radiology-VLAN141,205584
TAM-AHSStaffP2 Wireless -VLAN508,205585
TAM-VDI_Wired_Data -VLAN997,205586
TAM-Extended Printer-VLAN797,205587
TAM-Legacy Workstation-VLAN974,205588
TAM-Brandon Wound Care VOICE-VLAN204,205589
TAM-Brandon Woundcare Data-VLAN704,205590
TAM-IDF1A_Voice -VLAN204,205591
TAM-IDF1B_Voice -VLAN205,205592
TAM-IDF1C_Voice -VLAN206,205593
TAM-IDF1D_Voice -VLAN207,205594
TAM-IDF1F_Voice -VLAN208,205595
TAM-IDF1G_Voice -VLAN209,205596
TAM-IDF1H_Voice -VLAN210,205597
TAM-IDF1I_Voice -VLAN211,205598
TAM-IDF2N_Voice -VLAN212,205599
TAM-IDF2M_Voice -VLAN213,205600
TAM-IDF 2S_Voice -VLAN214,205601
TAM-IDF3N_Voice -VLAN215,205602
TAM-IDF3M_Voice -VLAN216,205603
TAM-IDF33_Voice -VLAN217,205604
TAM-IDF4N_Voice -VLAN218,205605
TAM-IDF4M_Voice -VLAN219,205606
TAM-IDF4S_Voice -VLAN220,205607
TAM-IDF5M_Voice -VLAN221,205608
TAM-IDF5S_Voice -VLAN222,205609
TAM-IDF6M_Voice -VLAN223,205610
TAM-HP1_Voice -VLAN224,205611
TAM-HP2_Voice -VLAN225,205612
TAM-MC MOB VoIP -VLAN226,205613
TAM-DCI_Voice -VLAN227,205614
TAM-MAC1_Voice -VLAN228,205615
TAM-MAC2_Voice -VLAN229,205616
TAM-IDFMAC3_Voice -VLAN230,205617
TAM-WC1_Voice -VLAN231,205618
TAM-WC2_Voice -VLAN232,205619
TAM-WC2A_Voice -VLAN233,205620
TAM-WC3_Voice -VLAN234,205621
TAM-WCIDE_Voice -VLAN235,205622
TAM-IDF Pepin1_Voice -VLAN237,205623
TAM-IDF Pepin1B_Voice -VLAN238,205624
TAM-IDF Pepin2_Voice -VLAN239,205625
TAM-IDF Pepin3_Voice -VLAN240,205626
TAM-IDF_NOC_Voice -VLAN241,205627
TAM-IDF_Purch_Voice -VLAN242,205628
TAM-ICU_Voice -VLAN243,205629
TAM-ED1A_Voice -VLAN244,205630
TAM-ED1B_Voice -VLAN245,205631
TAM-ED1C_Voice -VLAN246,205632
TAM-IDF1A_Data -VLAN704,205633
TAM-IDF1B_Data -VLAN705,205634
TAM-IDF1C_Data -VLAN706,205635
TAM-IDF1D_Data -VLAN707,205636
TAM-IDF1F_Data -VLAN708,205637
TAM-IDF1G_Data -VLAN709,205638
TAM-IDF1H_Data -VLAN710,205639
TAM-IDF1I_Data -VLAN711,205640
TAM-IDF2N_Data -VLAN712,205641
TAM-IDF2M_Data -VLAN713,205642
TAM-IDF2S_Data -VLAN714,205643
TAM-IDF3N_Data -VLAN715,205644
TAM-IDF3M_Data -VLAN716,205645
TAM-IDF3S_Data -VLAN717,205646
TAM-IDF4N_Data -VLAN718,205647
TAM-IDF4M_Data -VLAN719,205648
TAM-IDF4S_Data -VLAN720,205650
TAM-IDF5M_Data -VLAN721,205651
TAM-IDF5S_Data -VLAN722,205652
TAM-IDF6M_Data -VLAN723,205653
TAM-IDFHP1_Data -VLAN724,205654
TAM-IDFHP2_Data -VLAN725,205655
TAM-IDFMOB1_Data -VLAN726,205656
TAM-IDFDCI_Data -VLAN727,205657
TAM-IDFMAC1_Data -VLAN728,205658
TAM-IDFMAC2_Data -VLAN729,205660
TAM-IDFMAC3_Data -VLAN730,205661
TAM-IDFWC1_Data -VLAN731,205662
TAM-IDFWC2_Data -VLAN732,205663
TAM-IDFWC2A_Data -VLAN733,205664
TAM-IDF WC3_Data -VLAN734,205665
TAM-IDFWCIDE_Data -VLAN735,205666
TAM-IDFPEPIN1A_Data -VLAN737,205667
TAM-IDFPEPIN1B_Data -VLAN738,205668
TAM-IDFPEPIN2_Data -VLAN739,205669
TAM-IDFPEPIN3_Data -VLAN740,205670
TAM-IDFNOC_Data -VLAN741,205671
TAM-IDFPURCH_Data -VLAN742,205672
TAM-ICU_Data -VLAN743,205673
TAM-ED_A_Data -VLAN744,205674
TAM-ED_B_Data -VLAN745,205675
TAM-ED_C_Data -VLAN746,205676
TAM-AHSSEntP wireless -VLAN504,205677
TAM-AHSVoiceC wireless -VLAN518,205678
TAM-Pyxis_Pharm/Supplies-VLAN 144,205679
TAM-MC_Ph75u99t-VLAN 906,205680
TAM-Servers-VLAN601,205681
TAM-Static Extended-VLAN796,205682
TAM-MC_AHSGUEST Wireless-VLAN903,205683
TAM-ESig Devices TAM-VLAN907,205684
TAM-UCHG -VLAN143,205685
TAM-TAM Cerner FW Servers-VLAN968,205686
TAM-TeleICU Equipment-VLAN 967,205687
LTA-NORTEL SERVERS/ VIDEO CONFERENCE-VLAN 200,206154
LTA-WRD-NORTEL TLAN-VLAN 201,206155
LTA-WRD-NORTEL ELAN-VLAN 202,206156
LTA-WRD-AHSVoiceW-VLAN511,206158
LTA-WRD-PRINTERS-VLAN799,206159
LTA-WRD-MANAGEMENT-VLAN10,206160
LTA-WRD-LOCAL SERVERS-VLAN 600,206161
LTA-WRD-Static Devices-VLAN 798,206162
LTA-WRD-PACS-VLAN 170-BIO,206163
LTA-WRD-PACS_OTHERS-VLAN 171,206164
LTA-WRL-AHS Wireless Management-VLAN12,206165
LTA-WRD-AHSStaffP-VLAN505,206166
LTA-WRLAHSStaffW-VLAN507,206167
LTA-WRL-AHSGuest Wireless-VLAN902,206168
LTA-FWN-SUNSHINE-VLAN912,206170
LTA-FWN-FIREWALL_INSIDE-VLAN915,206171
LTA-WRD-VMWARE_MANAGEMENT-VLAN621,206172
LTA-WRD-RADIOLOGY-VLAN141,206173
LTA-WRD-NEURO_DIAGNOSTICS-VLAN149,206174
LTA-WRD-Legacy Workstation-VLAN 974,206175
LTA-WRD-IDF Data-VLAN143,206176
LTA-WRD-VoIP Phones IDF1-VLAN204,206177
LTA-WRD-VoIP Phones IDF2-VLAN205,206178
LTA-WRD-MDF Data-VLAN704,206179
LTA-WRD-Data IDF2-VLAN705,206181
LTA-WRD-AHSMwmD-VLAN520,206182
LTA-WRD-AHSENTP-VLAN504,206183
LTA-WRD-AHSVoiceC-VLAN518,206184
LTA-FWN-Ph75u99t-VLAN906,206185
LTA-FWN-TeleICU Equipment-VLAN967,206186
FNP-Tandberg-VLAN200,206232
FNP-Printers-VLAN799,206233
FNP-Mgt Devices-VLAN10,206234
FNP-SERVER VLAN-VLAN600,206235
FNP-STATIC Devices-VLAN798,206236
FNP-PACS VLAN-VLAN171,206237
FNP-Wireless Management-Vlan12,206238
FNP-AHSStaffP-VLAN505,206239
FNP-AHSGUEST Wireless-VLAN902,206240
FNP-Firewall_Mobile Scan-VLAN912,206241
FNP-FW_Roche-VLAN914,206242
FNP-FW_Sign-VLAN913,206243
FNP-SOAD Servers-VLAN911,206244
FNP-Davinci Robots-VLAN916,206245
FNP-FW Misc Vendor-VLAN918,206246
FNP-FW GE-VLAN919,206247
FNP-VMWare Management-VLAN621,206248
FNP-VMWare Vmotion-VLAN622,206249
FNP-Monitored UPS-VLAN140,206250
FNP-Server ILO-VLAN142,206251
FNP-BMDI Interfaces-VLAN141,206252
FNP-Non-FW Rauland Borg-VLAN952,206253
FNP-FW ESig Devices-VLAN907,206254
FNP-GE Parenatal-VLAN145,206255
FNP-FW Legacy Workstation-VLAN974,206256
FNP-IDF3A Voice-VLAN210,206257
FNP-IDF5A Voice-VLAN211,206258
FNP-IDF 6A Voice-VLAN212,206259
FNP-IDF 7A Voice-VLAN213,206260
FNP-IDF 8A Voice-VLAN214,206261
FNP-IDF STJ Voice-VLAN215,206262
FNP-IDF STE Voice-VLAN216,206263
FNP-IDF STD Voice-VLAN217,206264
FNP-IDF STC Voice-VLAN218,206265
FNP-IDF STB Voice-VLAN219,206266
FNP-IDF FAC Voice-VLAN220,206267
FNP-IDF MRI Voice-VLAN221,206268
FNP-IDF STT Voice-VLAN222,206269
FNP-IDF 1A Data-VLAN704,206270
FNP-IDF 1B Data-VLAN705,206271
FNP-IDF 1C Data-VLAN706,206272
FNP-IDF 2A Data-VLAN707,206273
FNP-IDF 2B Data-VLAN708,206274
FNP-IDF 2C Data-VLAN709,206275
FNP-IDF 3A Data-VLAN710,206276
FNP-IDF 5A Data-VLAN711,206277
FNP-IDF 6A Data-VLAN712,206278
FNP-IDF 7A Data-VLAN713,206279
FNP-IDF 8A Data-VLAN714,206281
FNP-IDF STJ Data-VLAN715,206282
FNP-IDF STE Data-VLAN716,206283
FNP-IDF STD Data-VLAN717,206284
FNP-IDF STC Data-VLAN718,206285
FNP-IDF STB Data-VLAN719,206286
FNP-IDF FAC Data-VLAN720,206287
FNP-IDF MRI Data-VLAN721,206288
FNP-IDF STT Data-VLAN722,206289
FNP-IDF1A TEST,206290
FNP-AHSVoiceC Wireless-Vlan518,206291
FNP-Pyxis-VLAN144,206292
FNP-Ph75u99t -VLAN906,206293
WCH-Vocera AHSVoiceW-VLAN 511,206508
WCH-WRL-Wireless Transport-VLAN12,206509
WCH-WRD-AMBIENT-VLAN913,206510
WCH-WRD-Sunshine-VLAN 911,206511
WCH-WRD-APC/NETBOX-VLAN148,206512
WCH-WRD-ILO-VLAN140,206513
WCH-WRD-PYXIS-VLAN950,206514
WCH-WRD-SKYTRON-VLAN951,206515
WCH-wrD-AHS Guest-VLAN902,206516
WCH-WRD-1-NORTH-VLAN204,206517
WCH-WRD-1-CENTRAL-VLAN205,206518
WCH-WRD-1-SOUTH-VLAN206,206519
WCH-WRD-2-NORTH-VLAN207,206520
WCH-WRD-2-CENTRAL-VLAN208,206521
WCH-WRD-2-SOUTH-VLAN209,206522
WCH-WRD-3-NORTH-VLAN210,206523
WRD-VOICE-VLAN211,206524
WCH-WRD-3-SOUTH-VLAN212,206525
WCH-WRD-CEP-VLAN213,206526
WCH-WP2North-VLAN214,206527
WCH-WRD-VWP2South-VLAN21,206528
WCH-WRD-VLAN216,206529
WCH-WRD-1SE-VLAN217,206530
WCH-WRD-2SE-VLAN218,206531
WCH-WRD-3SE-VLAN219,206532
WCH-WRD-5C-VLAN221,206533
WCH-WRD-6C-VLAN222,206534
WCH-WRD- 1N DATA-VLAN704,206535
WCH-WRD-1C DATA-VLAN705,206536
WCH-WRD-1S DATA-VLAN706,206537
WCH-WRD-2N DATA-VLAN707,206538
WCH-WRD-2C DATA-VLAN708,206539
WCH-WRD-2S DATA-VLAN709,206540
WCH-WRD-3N DATA-VLAN710,206541
WCH-WRD-3C DATA-VLAN711,206542
WCH-WRD-3S DATA-VLAN712,206543
WCH-WRD-CEP DATA-VLAN713,206544
WCH-WRD-WP2North-VLAN714,206545
WCH-WRD-WP2South-VLAN715,206546
WCH-WRD-MOB 3 NORTH-VLAN716,206547
WCH-WRD-1SE DATA-VLAN717,206548
WCH-WRD-2SE DATA-VLAN718,206549
WCH-WRD-3SE DATA-VLAN719,206550
WCH-WRD-4C DATA-VLAN720,206551
WCH-WRD-5C DATA-VLAN721,206552
WCH-WRD-6C DATA-VLAN722,206553
WCH-WRDAHS VoiceC-C-VLAN518,206554
FHZ-FWN-PET Mobile Firewall-VLAN911,206558
FHZ-WRL-LWAPP AHSStaffP-VLAN513,206559
FHZ-AHSGuest,206560
FHZ-AHSSPKDev,206561
FHZ-WRD-Zephyrills Family Practice-VLAN204,206562
FHZ-WRD-Zephyrills Family Practice-VLAN704,206563
FHZ-WRD-Dr.McBath Clinic-VLAN704,206564
FHZ-WRD-Orthopedic Center-VLAN704,206565
FHZ-WRD-Sun Building-VLAN704,206566
FHZ-WRD-NOC 2 Voice-VLAN205,206567
FHZ-WRD-Executive Office Closet Voice-VLAN206,206568
FHZ-WRD-ER Closet Voice-VLAN207,206569
FHZ-SBC - VOICE - Primary,206570
FHZ-WRD-ICU Closet Voice-VLAN209,206571
FHZ-WRD-BP/IS Closet Voice-VLAN212,206572
FHZ-WRD-HC Closet Voice-VLAN213,206573
FHZ-WRD-3rd Closet Voice-VLAN214,206574
FHZ-WRD-Building M-VLAN215,206575
FHZ-WRD-GrandView Voice-VLAN216,206576
FHZ-WRD-Executive Office Closet Data-VLAN706,206577
FHZ-WRD-ER Closet Data-VLAN707,206578
FHZ-WRD-HC-VLAN713,206579
FHZ-WRD-3rd Floor-VLAN714,206580
FHZ-WRD-Building M-VLAN715,206581
FHZ-WRD-Grandview-VLAN716,206582
FHZ-FWN-Provider Network-VLAN906,206583
GOR-WRL-GRP-End-User Subnets,206786
GOR-GRP-Server Subnets,206787
GOR-GRP-Management Subnets,206788
GOR-GRP-Voice Subnets,206789
GOR-GRP-FWN Vendor Managed,206790
PRK-WRL-GRP-End-User Subnets,206823
PRK-GRP-Server Subnets,206825
PRK-GRP-Management Subnets,206826
PRK-GRP-Voice Subnets,206827
PRK-GRP-FWN Vendor Managed,206828
PRK-GRP-BioMed Subnets,206829
FNS-WRL-GRP-End-User Subnets,206834
FNS-GRP-Server Subnets,206836
FNS-GRP-Management Subnets,206837
FNS-GRP-Voice Subnets,206839
FNS-GRP-FWN Vendor Managed,206844
FNS-GRP-BioMed Subnets,206845
AHC-GRP_End User Subnets,206875
ACH-GRP-Voice Subnets,206876
FHO-GRP-End-User Subnets,206877
AHQ-GRP-Management Subnets,206878
FHO-GRP-Management Subnets,206879
FHO-GRP-Server Subnets,206880
FHO-GRP-FWN Vendor Managed,206881
FHO-GRP-Voice Subnets,206882
FHO-GRP-BioMed,206884
Lake Destiny -GRP-End User Subnets,206886
Lake Destiny-GRP-Voice Subnets,206890
Lake Destiny-GRP-Wireless Mgmt,206891
CLD 600-GRP-End-User Subnets,206892
CLD 602-GRP-End User Subnets,206893
ROL-WRL-GRP-End-User Subnets,207051
ROL-GRP-Voice Subnets,207053
ROL-GRP-Management Subnets,207055
ROL-GRP-FWN Vendor Managed,207056
CVH-WRL-GRP-End User Subnets,207057
CVH-GRP-Server Subnets,207058
CVH-GRP-Voice Subnets,207059
CVH-GRP-Management Subnets,207060
CVH-GRP-FWN Vendor Managed,207061
CVH-GRP-BioMed Subnets,207062
HRT-WRL-GRP-End User Subnets,207063
HRT-GRP-Voice Subnets,207064
HRT-GRP-Server Subnets,207065
HRT-GRP-FWN Vendor Managed,207066
HRT-GRP-Management Subnets,207067
HRT-GRP-BioMed Subnets,207068
WAU-WRL-GRP-End-User Subnets,207069
WAU-GRP-Server Subnets,207070
WAU-GRP-Voice Subnets,207071
WAU-GRP-Management Subnets,207072
WAU-GRP-FWN Vendor Managed,207073
PLA-GRP-Management Subnets,207074
PLA-GRP-Voice Subnets,207075
PLA-WRL-GRP-End-User Subnets,207076
PLA-GRP-Server Subnets,207077
PLA-GRP-FWN Vendor Managed,207078
PLA-GRP-BioMed Subnets,207079
MAN-WRL-GRP-End User Subnets,207080
MAN-GRP-Server Subnets,207081
MAN-GRP-Voice Subnets,207082
MAN-GRP-Management Subnets,207083
MAN-GRP-BioMed Subnets,207084
MAN-GRP-FWN-Vendor Managed,207085
MUR-GRP-Voice Subnets,207086
MUR-WRL-GRP-End User Subnets,207087
MUR-GRP-Server Subnets,207088
MUR-GRP-FWN-Vendor Managed,207089
MUR-GRP-Management Subnets,207090
MUR-GRP-BioMed Subnets,207091
HUG-WRL-GRP-End-User Subnets,207280
HUG-GRP-Management Subnets,207281
HUG-GRP-Voice Subnets,207282
HUG-GRP-FWN Vendor Managed,207283
CTM-WRL-GRP-End-User Subnets,207284
CTM-GRP-Management Subnets,207285
CTM-GRP-Voice Subnets,207286
CTM-GRP-FWN Vendor Managed,207287
ACC Corp-WRL-GRP-End User Subnets,207288
ACC Corp-GRP-Server Subnets,207289
MET-WRL-GRP-End User Subnets,207341
MET-GRP-Server Subnets,207387
TAM-WRL-GRP-End-User Subnets,207561
TAM-GRP-Server Subnets,207566
TAM-GRP-Bio Med Subnets,207575
TAM-GRP-Voice Subnets,207578
TAM-GRP-Management Subnets,207581
TAM-GRP-FWN Vendor Managed,207582
CTM-GRP-Servers Subnets,207584
LTA-WRL-GRP-End-User Subnets,207585
LTA-GRP-Server Subnets,207586
LTA-GRP-Voice Subnets,207588
LTA-GRP-FWN-Vendor Managed,207589
FAP-GRP-End User Subnets,207597
FAL-WRL-GRP-End Users Subnets,207598
FAP-GRP-BioMed Subnets,207601
FAP-GRP-FWN Vendor Subnets,207602
FAP-GRP-Voice Subnets,207603
FAL-GRP-BioMed Subnets,207606
FAL-GRP-FWN Vendor Subnets,207608
FAL-GRP-Voice Subnets,207609
FAL-GRP-Management Subnets,207701
FAP-GRP-Management Subnets,207708
FIS-WRL-GRP-End-User Subnets,207901
ACC-GRP-Wed Scan Group,207908
FNP-WRL-GRP-End-User Subnets,209114
FHZ-WRL-GRP-End User Subnets,209119
WCH-WRL-GRP-End User Subnets,209125
ACC ZHV-WRL-GRP-End-User Subnets,209131
ACC ZPH-WRL-GRP-End-User Subnets,209134
AHQ/ASC-GRP-End User,209784
MET-GRP-Management Subnets,209895
FEO-WRL-GRP-End-User Subnets,212348
FWP-WRL-GRP-End-User Subnets,212580
FCE-WRL-GRP-End-User Subnets,212951
ASC-GRP-Voice Subnets,217803
ASC-GRP-Management Subnets,217804
ASC-GRP-FWN Vendor Managed,217805
ACD-GRP-Data Subnets,217806
ACD-GRP-Voice Subnets,217808
AHQ-WRL-GRP-End User Subnets,217871
AHQ-GRP-Voice Subnets,217872
AHQ-GRP-Printers Subnets,217874
ACC Corp-GRP-Printers Subnets,217890
ACC Corp-GRP-Management Subnets,217895
TAM-GRP-Printers Subnets,217907
CAR-GRP-Printers Subnets,217909
CAR-GRP-Management Subnets,217910
CAR-GRP-BioMed Subnets,217913
LTA-GRP-Printers Subnets,217915
LTA-GRP-Management Subnets,217916
LTA-GRP-BioMed Subnets,217918
FNP-GRP-Voice Subnets,217920
FNP-GRP-Server Subnets,217921
FNP-GRP-Management Subnets,217923
FNP-GRP-BioMed Subnets,217937
FNP-GRP-FWN Vendor Managed,217938
FNP-GRP-Printers Subnets,217939
WCH-GRP-Voice Subnets,219825
WCH-GRP-Management Subnets,219827
WCH-GRP-FWN Vendor Managed,219828
WCH-GRP-BioMed Subnets,219830
FHZ-GRP-Voice Subnets,219848
FHZ-GRP-Management Subnets,219849
FHZ-GRP-FWN Vendor Managed,219850
FHZ-GRP-BioMed Subnets,219851
FHZ-GRP-Printers Subnet,219852
SHH-GRP-End-User Subnets,219863
HRT-GRP-Printer Subnets,219890
GRP-All Workstation,219963
FHO Ginsburg-WRL-GRP-End-User Subnets,229863
FHO Women's-WRL-GRP-End-User Subnets,230803
FHO Orlando-WRL-GRP-End-User Subnets,232858
WAU-GRP-Printer Subnets,232881
WAU-GRP-BioMed Subnets,232882
PLA-GRP-Printer Subnets,232886
DEL-WRL-GRP-End-User Subnets,232888
DEL-GRP-Server Subnets,232889
DEL-GRP-Management Subnets,232890
DEL-GRP-Voice Subnets,232891
DEL-FWN Vendor Managed,232892
DEL-GRP-BioMed Subnets,232893
DEL-GRP-Printer Subnets,232894
DEL-GRP-FWN Vendor Managed,232895
FIS-GRP-FWN Vendor Managed,232899
FIS-GRP-Management Subnets,232900
FIS-GRP-Printer Subnets,232901
FLG-GRP-Printer Subnets,233448
FLG-GRP-BioMed Subnets,233449
ORM-GRP-BioMed Subnets,233506
ORM-GRP-Printer Subnets,233508
OCN-GRP-BioMed Subnets,233512
OCN-GRP-Printer Subnets,233513
RFL-GRP-Printer Subnets,233555
FNS-GRP-Printer Subnets,233558
WAT-GRP-BioMed Subnets,233567
WAT-GRP-Printer Subnets,233581
GOR-GRP-BioMed Subnets,233583
GOR-GRP-Printer Subnets,233585
MAN-GRP-Printer Subnets,233589
MUR-GRP-Printer Subnets,233590
PRK-GRP-Printer Subnets,233593
CTM-GRP-BioMed Subnets,233595
CTM-GRP-Printer Subnets,233596
HUG-GRP-BioMed Subnets,233893
HUG-GRP-Printers Subnets,233894
HUG-GRP-Remote Doctor Subnets,233895
HUG-GRP-Server Subnets,233896
MET-GRP-BioMed Subnets,233918
MET-GRP-FWN Vendor Managed,233928
MET-GRP-Printer Subnets,233929
MET-GRP-Voice Subnets,233930
SMM-GRP-Printer Subnets,234194
ACC CLD-WRL-GRP-End-User Subnets,234198
ACC CLD-GRP-FWN Vendor Managed,234200
ACC CLD-GRP-Management Subnets,234204
ACC CLD-GRP-Printer Subnets,234205
ACC CLD-GRP-Server Subnets,234206
ACC CLD-GRP-Voice Subnets,234207
ACC CRW-WRL-GRP-End-User Subnets,234212
ACC CRW-GRP-FWN Vendor Managed,234213
ACC BFH-WRL-GRP-End-User Subnets,234214
ACC EOH-WRL-GRP-End-User Subnets,234215
ACC EOH-GRP-FWN Vendor Managed,234216
ACC EOH-GRP-Management Subnets,234217
ACC EOH-GRP-Printer Subnets,234218
ACC EOH-GRP-Server Subnets,234220
ACC EOH-GRP-Voice Subnets,234221
ACC FLV-WRL-GRP-End-User Subnets,234224
ACC FLV-GRP-FWN Vendor Managed,234225
ACC FLV-GRP-Management Subnets,234226
ACC FLV-GRP-Printer Subnets,234227
ACC FLV-GRP-Voice Subnets,234228
ACC HAY-WRL-GRP-End-User Subnets,234236
ACC HAY-GRP-Printer Subnets,234237
ACC HAY-GRP-Management Subnets,234238
ACC HAY-GRP-FWN Vendor Managed,234243
ACC HGL-WRL-GRP-End-User Subnets,234244
ACC HGL-GRP-Management Subnets,234245
ACC HGL-GRP-Printer Subnets,234246
ACC MIL-WRL-GRP-End-User Subnets,234248
ACC OVP-WRL-GRP-End-User Subnets,234250
ACC OVP-GRP-Voice Subnets,234251
ACC OVP-GRP-Server Subnets,234252
ACC OVP-GRP-Management Subnets,234253
ACC OVP-GRP-Printer Subnets,234254
ACC OVP-GRP-FWN Vendor Managed,234255
ACC PRN-WRL-GRP-End-User Subnets,234256
ACC SPV-GRP-Voice Subnets,234257
ACC SPV-WRL-GRP-End-User Subnets,234258
ACC APK-WRL-GRP-End-User Subnets,234260
ACC APK-GRP-Voice Subnets,234261
ACC APK-GRP-Management Subnets,234266
ACC APK-GRP-Server Subnets,234267
ACC APK-GRP-FWN Vendor Managed,234268
ACC APK-GRP-Printer Subnets,234270
ACC TRN-WRL-GRP-End-User Subnets,234296
ACC TRN-GRP-Management Subnets,234297
ACC TRN-GRP-Server Subnets,234298
ACC TRN-GRP-Voice Subnets,234299
ACC TRN-GRP-FWN Vendor Managed,234300
ACC TRN-GRP-Printer Subnets,234301
ACC ZHV-GRP-Management Subnets,234302
ACC ZHV-GRP-Printer Subnets,234303
ACC ZPH-GRP-Management Subnets,234304
ACC ZPH-GRP-Printer Subnets,234305
ROL-GRP-BioMed Subnets,234306
ROL-GRP-Printer Subnets,234308
ROL-GRP-Server Subnets,234309
CVH-GRP-Printer Subnets,234314
FEO-GRP-Voice Subnets,237122
FEO-GRP-BioMed Subnets,237270
FEO-GRP-Printer Subnets,237271
FEO-GRP-FWN Vendor Managed,237276
FEO-GRP-Management Subnets,237277
FCE-GRP-BioMed Subnets,237285
FCE-GRP-FWN Vendor Managed,237286
FCE-GRP-Management Subnets,237287
FCE-GRP-Printers Subnets,237288
FCE-GRP-Voice Subnets,237289
FWP-GRP-BioMed Subnets,237290
FWP-GRP-FWN Vendor Managed,237291
FWP-GRP-Management Subnets,237292
FWP-GRP-Printer Subnets,237293
FWP-GRP-Voice Subnets,237298
FHO Ginsburg-GRP-BioMed Subnets,237363
FHO Ginsburg-GRP-FWN Vendor Managed,237364
FHO Ginsburg-GRP-Management Subnets,237365
FHO Ginsburg-GRP-Printer Subnets,237367
FHO Ginsburg-GRP-Voice Subnets,237368
FHO Women's-GRP-BioMed Subnets,237815
FHO Women's-GRP-FWN Vendor Managed,237816
FHO Women's-GRP-Management Subnets,237817
FHO Women's-GRP-Printer Subnets,237818
FHO Women's-GRP-Voice Subnets,237819
FHO Orlando-GRP-BioMed Subnets,237821
FHO Orlando-GRP-FWN Vendor Managed,237822
FHO Orlando-GRP-Management Subnets,237823
FHO Orlando-GRP-Printer Subnets,237824
FHO Orlando-GRP-Voice Subnets,237825
SHH-GRP-Management IPs,238891
API-ServiceNow,239065
GRP-BIO-BD Assets,239973
ACC APK-WRD-GRP-End-User Subnets,242813
ACC BFH-WRD-GRP-End-User Subnets,242815
ADU-WRL-GRP-End-User Subnets,242834
ADU-WRD-GRP-End-User Subnets,242839
ADU-GRP-Server Subnets,242843
ADU-GRP-Voice Subnets,242849
ADU-GRP-Network Management Subnets,242850
ADU-GRP-FWN Subnets,242859
ACC CLD-WRD-GRP-End-User Subnets,243914
ACC Corp-WRD-GRP-End-User Subnets,243915
ACC CRW-WRD-GRP-End-User Subnets,243916
ACC EOH-WRD-GRP-End-User Subnets,243920
ACC FLV-WRD-GRP-End-User Subnets,243921
ACC HGL-WRD-GRP-End-User Subnets,243923
ACC HAY-WRD-GRP-End-User Subnets,243924
ACC MIL-WRD-GRP-End-User Subnets,243925
ACC OVP-WRD-GRP-End-User Subnets,243926
ACC PRN-WRD-GRP-End-User Subnets,243927
ACC SPV-WRD-GRP-End-User Subnets,243929
ACC TRN-WRD-GRP-End-User Subnets,243930
ACC ZHV-WRD-GRP-End-User Subnets,243932
ACC ZPH-WRD-GRP-End-User Subnets,243933
SMM-WRD-GRP-End-User Subnets,244864
ROL-WRD-GRP-End-User Subnets,244869
CVH-WRD-GRP-End-User Subnets,244873
HRT-WRD-GRP-End-User Subnets,244898
WAU-WRD-GRP-End-User Subnets,244903
PLA-WRD-GRP-End-User Subnets,244905
TAM-WRD-GRP-End-User Subnets,244922
CAR-WRD-GRP-End-User Subnets,244925
LTA-WRD-GRP-End-User Subnets,244929
FNP-WRD-GRP-End-User Subnets,245899
WCH-WRD-GRP-End-User Subnets,245903
FHZ-WRD-GRP-End-User Subnets,245904
DEL-WRD-GRP-End-User Subnets,245956
FIS-WRD-GRP-End-User Subnets,245962
FLG-WRD-GRP-End-User Subnets,245966
ORM-WRD-GRP-End-User Subnets,245970
FNS-WRD-GRP-End-User Subnets,245977
WAT-WRD-GRP-End-User Subnets,245980
GOR-WRD-GRP-End-User Subnets,248831
MAN-WRD-GRP-End-User Subnets,248833
MUR-WRD-GRP-End-User Subnets,248834
PRK-WRD-GRP-End-User Subnets,248837
CTM-WRD-GRP-End-User Subnets,248838
HUG-WRD-GRP-End-User Subnets,248839
MET-WRD-GRP-End-User Subnets,248841
FHO Ginsburg-WRD-GRP-End-User Subnets,248927
FHO Women's-WRD-GRP-End-User Subnets,248928
FHO Orlando-WRD-GRP-End-User Subnets,248929
FAL-WRD-GRP-End-User Subnets,248945
FCE-WRD-GRP-End-User Subnets,248947
ASC-WRD-GRP-End-User Subnets,250860
AHQ-WRD-GRP-End-User Subnets,250865
CLD-Voice-Pilot,250954
CLD-Voice-Pilot 2,250959
CLD-Voice Pilot 3,251014
FEO-WRD-GRP-End-User Subnets,251197
FWP-WRD-GRP-End-User Subnets,251208
